인제 오리지널스 캠핑 페스티벌(IOCF/INJE ORIGINALS CAMPING FESTIVAL),4.9,강원 인제군,https://cdn.visitkorea.or.kr/img/call?cmd=VIEW&id=17b235c9-8010-484d-b066-7e9e7ccc5613&thumb
나랑노랑 - 강원에서 즐기는 음악 여행,4.9,강원 고성군,https://cdn.visitkorea.or.kr/img/call?cmd=VIEW&id=ec14806c-1b64-45ed-99f3-1cb95e22c808&thumb
오감이 즐거운 강릉 여행 코스,4.9,강원 강릉시,https://cdn.visitkorea.or.kr/img/call?cmd=VIEW&id=a761cae0-40b1-4d44-908b-63589fb7fa06&thumb
윤가네백년초바지락칼국수,4.9,강원 평창군,https://cdn.visitkorea.or.kr/img/call?cmd=VIEW&id=173272b1-ca64-46a9-b1e2-5bb7016e94f2&thumb
2023 인생나눔교실_청년 인문 공감 토론회(강릉),4.9,강원 강릉시,https://cdn.visitkorea.or.kr/img/call?cmd=VIEW&id=963a7b4b-a43c-4f6f-9dc4-5fccb9e75b2f&thumb
스테이인터뷰,4.9,강원 강릉시,https://cdn.visitkorea.or.kr/img/call?cmd=VIEW&id=527f2bed-6a85-4bd7-b2ba-44c10bd2f367&thumb
영진식당,4.9,강원 철원군,https://cdn.visitkorea.or.kr/img/call?cmd=VIEW&id=dac2aed0-d943-4fbd-8576-4d4a75b9cb9f&thumb
대관령할매감자탕,4.9,강원 평창군,https://cdn.visitkorea.or.kr/img/call?cmd=VIEW&id=d369aa4f-e954-48ac-86e9-42764dc53ce4&thumb
명주인형극제,4.9,강원 강릉시,https://cdn.visitkorea.or.kr/img/call?cmd=VIEW&id=2bb14958-64ae-428c-84d0-9533d759cab3&thumb
곤디,4.9,강원 정선군,https://cdn.visitkorea.or.kr/img/call?cmd=VIEW&id=9a0fb7bd-91dc-494a-a72c-23fcfef263aa&thumb
인제 오리지널스 캠핑 페스티벌(IOCF/INJE ORIGINALS CAMPING FESTIVAL),4.8,강원 인제군,https://cdn.visitkorea.or.kr/img/call?cmd=VIEW&id=17b235c9-8010-484d-b066-7e9e7ccc5613&thumb
나랑노랑 - 강원에서 즐기는 음악 여행,4.8,강원 고성군,https://cdn.visitkorea.or.kr/img/call?cmd=VIEW&id=ec14806c-1b64-45ed-99f3-1cb95e22c808&thumb
오감이 즐거운 강릉 여행 코스,4.8,강원 강릉시,https://cdn.visitkorea.or.kr/img/call?cmd=VIEW&id=a761cae0-40b1-4d44-908b-63589fb7fa06&thumb
윤가네백년초바지락칼국수,4.8,강원 평창군,https://cdn.visitkorea.or.kr/img/call?cmd=VIEW&id=173272b1-ca64-46a9-b1e2-5bb7016e94f2&thumb
2023 인생나눔교실_청년 인문 공감 토론회(강릉),4.8,강원 강릉시,https://cdn.visitkorea.or.kr/img/call?cmd=VIEW&id=963a7b4b-a43c-4f6f-9dc4-5fccb9e75b2f&thumb
스테이인터뷰,4.8,강원 강릉시,https://cdn.visitkorea.or.kr/img/call?cmd=VIEW&id=527f2bed-6a85-4bd7-b2ba-44c10bd2f367&thumb
영진식당,4.8,강원 철원군,https://cdn.visitkorea.or.kr/img/call?cmd=VIEW&id=dac2aed0-d943-4fbd-8576-4d4a75b9cb9f&thumb
대관령할매감자탕,4.8,강원 평창군,https://cdn.visitkorea.or.kr/img/call?cmd=VIEW&id=d369aa4f-e954-48ac-86e9-42764dc53ce4&thumb
명주인형극제,4.8,강원 강릉시,https://cdn.visitkorea.or.kr/img/call?cmd=VIEW&id=2bb14958-64ae-428c-84d0-9533d759cab3&thumb
곤디,4.8,강원 정선군,https://cdn.visitkorea.or.kr/img/call?cmd=VIEW&id=9a0fb7bd-91dc-494a-a72c-23fcfef263aa&thumb
"강원 여행, 문화와 예술을 향유하는 원주 여행",4.7,강원 원주시,https://cdn.visitkorea.or.kr/img/call?cmd=VIEW&id=bbc093a2-f83d-4e82-b743-4d95d66e2777&thumb
너나드리,4.7,강원 평창군,https://cdn.visitkorea.or.kr/img/call?cmd=VIEW&id=5f4849cd-0d0c-482d-be97-59c865f54500&thumb
평창캠프닉,4.7,강원 평창군,https://cdn.visitkorea.or.kr/img/call?cmd=VIEW&id=64bb5d25-3ba3-42a8-98e7-1ef4b2882938&thumb
食 休 耕 (식휴경),4.7,강원 평창군,https://cdn.visitkorea.or.kr/img/call?cmd=VIEW&id=d18c937e-f5c4-4dc3-9448-a822eda2cf84&thumb
제2땅굴과 철원평화전망대에서 내일의 평화를 꿈꾸다,4.7,강원 철원군,https://cdn.visitkorea.or.kr/img/call?cmd=VIEW&id=a6968ff8-7dee-4a48-a6ac-f1faa2d53f74&thumb
산바람 타고 떠나는 시원한 정선 여행,4.7,강원 정선군,https://cdn.visitkorea.or.kr/img/call?cmd=VIEW&id=e007e405-7de7-4a6c-ad79-47efeab76a51&thumb
와우미탄,4.7,강원 평창군,https://cdn.visitkorea.or.kr/img/call?cmd=VIEW&id=f0492eef-bedf-4f0b-a134-c32fc3d3d534&thumb
원주옥상영화제,4.7,강원 원주시,https://cdn.visitkorea.or.kr/img/call?cmd=VIEW&id=9e776cb5-39b5-427c-9ef8-5f80c3ef58db&thumb
오대산힐링빌리지,4.7,강원 평창군,https://cdn.visitkorea.or.kr/img/call?cmd=VIEW&id=58470c05-de07-4198-9d2c-7d5a296a5782&thumb
스포츠 넥스트레벨,4.7,강원 속초시,https://cdn.visitkorea.or.kr/img/call?cmd=VIEW&id=085dad77-1842-4112-8c09-fc4a8ece0c37&thumb
