바람약과,4.9,전북 전주시,https://cdn.visitkorea.or.kr/img/call?cmd=VIEW&id=003d9c4e-5530-41f7-bbed-cdab3f1513b3&thumb
나무솥밥,4.9,전북 전주시,https://cdn.visitkorea.or.kr/img/call?cmd=VIEW&id=b8b37688-5486-46a7-b832-e4bf0702d111&thumb
돌돌파이,4.9,전북 전주시,https://cdn.visitkorea.or.kr/img/call?cmd=VIEW&id=baa04e03-76fb-4de2-a65b-0a40e27b62ed&thumb
철기와전,4.9,전북 전주시,https://cdn.visitkorea.or.kr/img/call?cmd=VIEW&id=b5da9064-7a3b-4110-8e31-7056ae2f57a2&thumb
한국관광 품질인증 숙소와 함께하는 1박 2일 기차여행,4.9,전북 군산시,https://cdn.visitkorea.or.kr/img/call?cmd=VIEW&id=64295918-300f-4480-b7a5-2e32b8b6b437&thumb
지리산 남원 바래봉 눈꽃축제,4.9,전북 남원시,https://cdn.visitkorea.or.kr/img/call?cmd=VIEW&id=aab8da57-6b07-44b9-8b0b-5e1722283ec9&thumb
여행 장벽을 낮춘 전국 배리어프리 숙소 5,4.9,전북 완주군,https://cdn.visitkorea.or.kr/img/call?cmd=VIEW&id=880d16c1-f20f-4b86-bcc8-1d605baa44ba&thumb
제17회 전북과학축전,4.9,전북 전주시,https://cdn.visitkorea.or.kr/img/call?cmd=VIEW&id=8a586363-7111-4dca-925e-006bb53d679c&thumb
릴레이 무형유산 콘서트 ‘2023 당산풍월의 특별한 선택’,4.9,전북 임실군,https://cdn.visitkorea.or.kr/img/call?cmd=VIEW&id=0b8ab91c-da82-41c3-8bbd-3ab8c2d58f52&thumb
"여름휴가, 무진장 시원한 전북 여행 코스 추천",4.9,전북,https://cdn.visitkorea.or.kr/img/call?cmd=VIEW&id=59e1ebed-7f89-41b5-a554-c5a523a1786f&thumb
바람약과,4.8,전북 전주시,https://cdn.visitkorea.or.kr/img/call?cmd=VIEW&id=003d9c4e-5530-41f7-bbed-cdab3f1513b3&thumb
나무솥밥,4.8,전북 전주시,https://cdn.visitkorea.or.kr/img/call?cmd=VIEW&id=b8b37688-5486-46a7-b832-e4bf0702d111&thumb
돌돌파이,4.8,전북 전주시,https://cdn.visitkorea.or.kr/img/call?cmd=VIEW&id=baa04e03-76fb-4de2-a65b-0a40e27b62ed&thumb
철기와전,4.8,전북 전주시,https://cdn.visitkorea.or.kr/img/call?cmd=VIEW&id=b5da9064-7a3b-4110-8e31-7056ae2f57a2&thumb
한국관광 품질인증 숙소와 함께하는 1박 2일 기차여행,4.8,전북 군산시,https://cdn.visitkorea.or.kr/img/call?cmd=VIEW&id=64295918-300f-4480-b7a5-2e32b8b6b437&thumb
지리산 남원 바래봉 눈꽃축제,4.8,전북 남원시,https://cdn.visitkorea.or.kr/img/call?cmd=VIEW&id=aab8da57-6b07-44b9-8b0b-5e1722283ec9&thumb
여행 장벽을 낮춘 전국 배리어프리 숙소 5,4.8,전북 완주군,https://cdn.visitkorea.or.kr/img/call?cmd=VIEW&id=880d16c1-f20f-4b86-bcc8-1d605baa44ba&thumb
제17회 전북과학축전,4.8,전북 전주시,https://cdn.visitkorea.or.kr/img/call?cmd=VIEW&id=8a586363-7111-4dca-925e-006bb53d679c&thumb
릴레이 무형유산 콘서트 ‘2023 당산풍월의 특별한 선택’,4.8,전북 임실군,https://cdn.visitkorea.or.kr/img/call?cmd=VIEW&id=0b8ab91c-da82-41c3-8bbd-3ab8c2d58f52&thumb
"여름휴가, 무진장 시원한 전북 여행 코스 추천",4.8,전북,https://cdn.visitkorea.or.kr/img/call?cmd=VIEW&id=59e1ebed-7f89-41b5-a554-c5a523a1786f&thumb
농업회사법인유한회사임실애플트리,4.7,전북 임실군,https://cdn.visitkorea.or.kr/img/call?cmd=VIEW&id=f71785d0-ad52-467f-a897-954234843a1b&thumb
반줄,4.7,전북 완주군,https://cdn.visitkorea.or.kr/img/call?cmd=VIEW&id=6e97502f-0a32-4910-8ddd-901ddbd1a2af&thumb
무주오리펜션,4.7,전북 무주군,https://cdn.visitkorea.or.kr/img/call?cmd=VIEW&id=72b00972-881b-4c41-a565-23ec6438b664&thumb
만듦협동조합,4.7,전북 완주군,https://cdn.visitkorea.or.kr/img/call?cmd=VIEW&id=4ae81564-9ed9-4213-86a8-7ff974498120&thumb
무주오리,4.7,전북 무주군,https://cdn.visitkorea.or.kr/img/call?cmd=VIEW&id=abeb4cef-10bb-423c-b73f-7a04f39fdc23&thumb
옥정호 출렁다리 및 붕어섬생태공원,4.7,전북 임실군,https://cdn.visitkorea.or.kr/img/call?cmd=VIEW&id=13e7640b-d452-4231-9661-ea2852e85d60&thumb
흥부네 대청마루,4.7,전북 남원시,https://cdn.visitkorea.or.kr/img/call?cmd=VIEW&id=fbb36c4e-3d23-48dc-8671-410295fcb232&thumb
임실레드팜영농조합법인,4.7,전북 임실군,https://cdn.visitkorea.or.kr/img/call?cmd=VIEW&id=45f9b7c9-fd34-47b2-b774-ccea17265cb6&thumb
선운도원,4.7,전북 고창군,https://cdn.visitkorea.or.kr/img/call?cmd=VIEW&id=3e9b50ae-3970-4921-ba48-f6feb496d4a7&thumb
복합문화지구 누에,4.7,전북 완주군,https://cdn.visitkorea.or.kr/img/call?cmd=VIEW&id=fe61075c-fba2-45c5-bc7e-3a18fecee3a6&thumb
