 보은대추 축제,4.9,충북 보은군,https://cdn.visitkorea.or.kr/img/call?cmd=VIEW&id=f4367048-0aa3-488d-a477-7d360dc058e0&thumb
팝스월드 다자구할미네,4.9,충북 단양군,https://cdn.visitkorea.or.kr/img/call?cmd=VIEW&id=bdca8a8e-d6b4-4260-8e58-04d51212d7d0&thumb
대산보리밥,4.9,충북 청주시,https://cdn.visitkorea.or.kr/img/call?cmd=VIEW&id=efb422f4-33fb-442b-b5a8-282959989fa0&thumb
청송통닭,4.9,충북 청주시,https://cdn.visitkorea.or.kr/img/call?cmd=VIEW&id=05630741-510b-4848-9e0b-6daae8ae2839&thumb
(주)마치공작소,4.9,충북 충주시,https://cdn.visitkorea.or.kr/img/call?cmd=VIEW&id=5731ff3b-7013-4e06-b19b-664d4a1b0ae1&thumb
카페 벨리,4.9,충북 옥천군,https://cdn.visitkorea.or.kr/img/call?cmd=VIEW&id=a8ff4b9a-c47e-401d-8377-b038ea8c14c2&thumb
살롱드스테이,4.9,충북 청주시,https://cdn.visitkorea.or.kr/img/call?cmd=VIEW&id=e2c60570-5367-4570-b994-c6b340fedffd&thumb
청산공원,4.9,충북 옥천군,https://cdn.visitkorea.or.kr/img/call?cmd=VIEW&id=7a45b03d-b298-4c1e-b75c-79962721b9de&thumb
숙설방,4.9,충북 청주시,https://cdn.visitkorea.or.kr/img/call?cmd=VIEW&id=31613318-ca91-414c-a2d6-96b6004fdec2&thumb
자연 속에서 즐기는 스릴 만점 레저 여행,4.9,충북 단양군,https://cdn.visitkorea.or.kr/img/call?cmd=VIEW&id=8fd7b10e-8a64-4b1b-b2bf-e5bc3e18dee5&thumb
보은대추 축제,4.8,충북 보은군,https://cdn.visitkorea.or.kr/img/call?cmd=VIEW&id=f4367048-0aa3-488d-a477-7d360dc058e0&thumb
팝스월드 다자구할미네,4.8,충북 단양군,https://cdn.visitkorea.or.kr/img/call?cmd=VIEW&id=bdca8a8e-d6b4-4260-8e58-04d51212d7d0&thumb
대산보리밥,4.8,충북 청주시,https://cdn.visitkorea.or.kr/img/call?cmd=VIEW&id=efb422f4-33fb-442b-b5a8-282959989fa0&thumb
청송통닭,4.8,충북 청주시,https://cdn.visitkorea.or.kr/img/call?cmd=VIEW&id=05630741-510b-4848-9e0b-6daae8ae2839&thumb
(주)마치공작소,4.8,충북 충주시,https://cdn.visitkorea.or.kr/img/call?cmd=VIEW&id=5731ff3b-7013-4e06-b19b-664d4a1b0ae1&thumb
카페 벨리,4.8,충북 옥천군,https://cdn.visitkorea.or.kr/img/call?cmd=VIEW&id=a8ff4b9a-c47e-401d-8377-b038ea8c14c2&thumb
살롱드스테이,4.8,충북 청주시,https://cdn.visitkorea.or.kr/img/call?cmd=VIEW&id=e2c60570-5367-4570-b994-c6b340fedffd&thumb
청산공원,4.8,충북 옥천군,https://cdn.visitkorea.or.kr/img/call?cmd=VIEW&id=7a45b03d-b298-4c1e-b75c-79962721b9de&thumb
숙설방,4.8,충북 청주시,https://cdn.visitkorea.or.kr/img/call?cmd=VIEW&id=31613318-ca91-414c-a2d6-96b6004fdec2&thumb
자연 속에서 즐기는 스릴 만점 레저 여행,4.8,충북 단양군,https://cdn.visitkorea.or.kr/img/call?cmd=VIEW&id=8fd7b10e-8a64-4b1b-b2bf-e5bc3e18dee5&thumb
바라만 봐도 좋은 풍경,4.7,충북 제천시,https://cdn.visitkorea.or.kr/img/call?cmd=VIEW&id=d16d6d9e-fd89-4af6-ace8-13b6ca34661b&thumb
생명누리공원,4.7,충북 청주시,https://cdn.visitkorea.or.kr/img/call?cmd=VIEW&id=1db4d46e-d1fc-4a60-ba51-6d3c2c53d6d6&thumb
"굽이마다 아홉 절경 펼쳐지는 곳, 괴산 화양구곡",4.7,충북 괴산군,https://cdn.visitkorea.or.kr/img/call?cmd=VIEW&id=75b1e9a2-ce03-4364-bf70-1d97e8d727cd&thumb
CJ 블로썸 캠퍼스 (CJ제일제당),4.7,충북 진천군,https://cdn.visitkorea.or.kr/img/call?cmd=VIEW&id=cd4688b6-b609-4c66-b0bf-23c8714be26b&thumb
2023 대한민국 상생 영수증콘서트 with 제천국제음악영화제,4.7,충북 제천시,https://cdn.visitkorea.or.kr/img/call?cmd=VIEW&id=a4386158-897f-4cd0-97d5-fcd25b297c3b&thumb
푸른 산과 호수를 만나다,4.7,충북 제천시,https://cdn.visitkorea.or.kr/img/call?cmd=VIEW&id=e6f999d7-2b06-4be6-b95a-bc64459ba0aa&thumb
옥천찐빵,4.7,충북 옥천군,https://cdn.visitkorea.or.kr/img/call?cmd=VIEW&id=763d074b-af22-4f92-b57b-06d6978b79fe&thumb
농심테마공원,4.7,충북 옥천군,https://cdn.visitkorea.or.kr/img/call?cmd=VIEW&id=d08dca9d-097b-4f22-b9f1-93246d3e909c&thumb
옥천향수시네마,4.7,충북 옥천군,https://cdn.visitkorea.or.kr/img/call?cmd=VIEW&id=8a986ae9-e2a6-42e8-ac52-5734cee26c7f&thumb
옥천교육도서관,4.7,충북 옥천군,https://cdn.visitkorea.or.kr/img/call?cmd=VIEW&id=1e4beca9-cc6d-4e03-b1e3-0033c847f908&thumb
