2023 인터내셔널 키스포츠페스티벌 부산,4.9,부산 해운대구,https://cdn.visitkorea.or.kr/img/call?cmd=VIEW&id=dfc1c557-47e7-4deb-a9e1-544bb015f437&thumb
2023 APP WORLD TOUR BUSAN SUP OPEN,4.9,부산 수영구,https://cdn.visitkorea.or.kr/img/call?cmd=VIEW&id=4eeea9fd-1f0d-48a8-b2df-f6a658e3b6f6&thumb
"바다 도시로 떠나는 청량한 여행,
부산 영도 탐방",4.9,부산 영도구,https://cdn.visitkorea.or.kr/img/call?cmd=VIEW&id=71a002d9-87cd-49d3-ac06-6f1addd50ab2&thumb
다원정,4.9,부산 부산진구,https://cdn.visitkorea.or.kr/img/call?cmd=VIEW&id=5b99b629-b4c1-42fc-9b6a-e9047c1c643d&thumb
영바이브,4.9,부산 영도구,https://cdn.visitkorea.or.kr/img/call?cmd=VIEW&id=ef523353-66f1-4887-a1c1-00f0c54c07cd&thumb
2023 부산여행영화제,4.9,부산 해운대구,https://cdn.visitkorea.or.kr/img/call?cmd=VIEW&id=d2e2a3fa-cb26-4f35-aefb-56604dee9cd8&thumb
오방맛길,4.9,부산 연제구,https://cdn.visitkorea.or.kr/img/call?cmd=VIEW&id=99e912f5-ea65-4f12-b3cc-6eaf73d6807a&thumb
"부산 여행, 무더운 여름을 슬기롭게 보내는 여행지 4",4.9,부산,https://cdn.visitkorea.or.kr/img/call?cmd=VIEW&id=f0302929-0cd5-4688-b7b4-d325b2398615&thumb
용궁해물야채쟁반짜장,4.9,부산 기장군,https://cdn.visitkorea.or.kr/img/call?cmd=VIEW&id=59ce8e6e-b961-4ec4-b39d-4dd06a59f7b8&thumb
제19회 현인가요제,4.9,부산 서구,https://cdn.visitkorea.or.kr/img/call?cmd=VIEW&id=962e0d72-71c6-43e1-81bc-dc86a8a73f72&thumb
2023 인터내셔널 키스포츠페스티벌 부산,4.8,부산 해운대구,https://cdn.visitkorea.or.kr/img/call?cmd=VIEW&id=dfc1c557-47e7-4deb-a9e1-544bb015f437&thumb
2023 APP WORLD TOUR BUSAN SUP OPEN,4.8,부산 수영구,https://cdn.visitkorea.or.kr/img/call?cmd=VIEW&id=4eeea9fd-1f0d-48a8-b2df-f6a658e3b6f6&thumb
"바다 도시로 떠나는 청량한 여행,
부산 영도 탐방",4.8,부산 영도구,https://cdn.visitkorea.or.kr/img/call?cmd=VIEW&id=71a002d9-87cd-49d3-ac06-6f1addd50ab2&thumb
다원정,4.8,부산 부산진구,https://cdn.visitkorea.or.kr/img/call?cmd=VIEW&id=5b99b629-b4c1-42fc-9b6a-e9047c1c643d&thumb
영바이브,4.8,부산 영도구,https://cdn.visitkorea.or.kr/img/call?cmd=VIEW&id=ef523353-66f1-4887-a1c1-00f0c54c07cd&thumb
2023 부산여행영화제,4.8,부산 해운대구,https://cdn.visitkorea.or.kr/img/call?cmd=VIEW&id=d2e2a3fa-cb26-4f35-aefb-56604dee9cd8&thumb
오방맛길,4.8,부산 연제구,https://cdn.visitkorea.or.kr/img/call?cmd=VIEW&id=99e912f5-ea65-4f12-b3cc-6eaf73d6807a&thumb
"부산 여행, 무더운 여름을 슬기롭게 보내는 여행지 4",4.8,부산,https://cdn.visitkorea.or.kr/img/call?cmd=VIEW&id=f0302929-0cd5-4688-b7b4-d325b2398615&thumb
용궁해물야채쟁반짜장,4.8,부산 기장군,https://cdn.visitkorea.or.kr/img/call?cmd=VIEW&id=59ce8e6e-b961-4ec4-b39d-4dd06a59f7b8&thumb
제19회 현인가요제,4.8,부산 서구,https://cdn.visitkorea.or.kr/img/call?cmd=VIEW&id=962e0d72-71c6-43e1-81bc-dc86a8a73f72&thumb
부산의 밤 풍경을 즐기는 여행,4.7,부산,https://cdn.visitkorea.or.kr/img/call?cmd=VIEW&id=724fb9bf-d8b7-4932-9168-dbf0984e3306&thumb
송도스카이파크,4.7,부산 서구,https://cdn.visitkorea.or.kr/img/call?cmd=VIEW&id=d4be76de-191a-410e-b0a8-cee76603815e&thumb
전포공구길,4.7,부산 부산진구,https://cdn.visitkorea.or.kr/img/call?cmd=VIEW&id=969c3be4-6fd0-448e-b45c-a1f6c34e371d&thumb
클럽디 오아시스,4.7,부산 해운대구,https://cdn.visitkorea.or.kr/img/call?cmd=VIEW&id=a586b765-7161-425a-8a7d-f030b1ba8fd9&thumb
2023 국제해양영화제,4.7,부산 영도구,https://cdn.visitkorea.or.kr/img/call?cmd=VIEW&id=41b91fba-b62e-4fc7-bcf7-b0c157393d53&thumb
영 아일랜드 부산 프로젝트 : 영 아일랜드 런칭데이,4.7,부산 영도구,https://cdn.visitkorea.or.kr/img/call?cmd=VIEW&id=fc8b286f-4b75-4e77-8e55-55b755ce3bc2&thumb
부산인디커넥트페스티벌 2023,4.7,부산 해운대구,https://cdn.visitkorea.or.kr/img/call?cmd=VIEW&id=1423df68-0fe2-4760-80ff-955015b5e19a&thumb
2023 부산나이트워크 42K,4.7,부산 해운대구,https://cdn.visitkorea.or.kr/img/call?cmd=VIEW&id=c23be45e-235a-48b5-a889-e07f246c2ad4&thumb
광안리 해양레포츠센터,4.7,부산 수영구,https://cdn.visitkorea.or.kr/img/call?cmd=VIEW&id=e98a3416-822e-4678-916b-84b94454eef5&thumb
브루어리 탐험대 양조장 투어,4.7,부산 부산진구,https://cdn.visitkorea.or.kr/img/call?cmd=VIEW&id=5f710a30-b086-463c-93a9-fa13cb8cc50a&thumb
