신라스테이 여수,https://www.goodchoice.kr/product/detail?ano=72450&adcno=2&sel_date=2023-08-24&sel_date2=2023-08-25,여수EXPO역 차량 4분,"
77,000원 ",//image.goodchoice.kr/images/web_v3/bg_trans.png
어반스테이 여수오션힐,https://www.goodchoice.kr/product/detail?ano=73314&adcno=2&sel_date=2023-08-24&sel_date2=2023-08-25,여수EXPO역 차량 7분,"
129,900원 ",//image.goodchoice.kr/images/web_v3/bg_trans.png
★특가★ 유탑 마리나 호텔 & 리조트 여수,https://www.goodchoice.kr/product/detail?ano=59268&adcno=2&sel_date=2023-08-24&sel_date2=2023-08-25,전주역 도보 2분,"
119,000원 ",//image.goodchoice.kr/images/web_v3/bg_trans.png
깔라까따 호텔 & 리조트,https://www.goodchoice.kr/product/detail?ano=74566&adcno=2&sel_date=2023-08-24&sel_date2=2023-08-25,전북 전주시 완산구 서노송동,"
99,000원 ",//image.goodchoice.kr/images/web_v3/bg_trans.png
웨스트힐스 프라이빗 풀빌라,https://www.goodchoice.kr/product/detail?ano=58134&adcno=3&sel_date=2023-08-24&sel_date2=2023-08-25,전남 여수시 돌산읍 우두리,"
139,000원 ",//image.goodchoice.kr/images/web_v3/bg_trans.png
★당일특가★ 여수 라테라스 리조트 ,https://www.goodchoice.kr/product/detail?ano=13218&adcno=2&sel_date=2023-08-24&sel_date2=2023-08-25,"전북 전주시 완산구 중화산동2가                    
예약취소가능","
104,900원 ",//image.goodchoice.kr/images/web_v3/bg_trans.png
전주 한옥마을 한옥고택 고을,https://www.goodchoice.kr/product/detail?ano=75570&adcno=6&sel_date=2023-08-24&sel_date2=2023-08-25,"전북 전주시 덕진구 우아동2가                    
예약취소가능","
120,000원 ",//image.goodchoice.kr/images/web_v3/bg_trans.png
어반스테이 여수웅천,https://www.goodchoice.kr/product/detail?ano=70124&adcno=2&sel_date=2023-08-24&sel_date2=2023-08-25,"전북 익산시 인화동1가                    
예약취소가능","
118,000원 ",//image.goodchoice.kr/images/web_v3/bg_trans.png
여수 라마다 프라자 호텔,https://www.goodchoice.kr/product/detail?ano=65762&adcno=2&sel_date=2023-08-24&sel_date2=2023-08-25,,"
80,000원 ",//image.goodchoice.kr/images/web_v3/bg_trans.png
여수 베네치아 호텔&리조트,https://www.goodchoice.kr/product/detail?ano=53999&adcno=2&sel_date=2023-08-24&sel_date2=2023-08-25,,"
140,000원 ",//image.goodchoice.kr/images/web_v3/bg_trans.png
여수 썬힐스파펜션,https://www.goodchoice.kr/product/detail?ano=52020&adcno=3&sel_date=2023-08-24&sel_date2=2023-08-25,,"
84,000원 ",//image.goodchoice.kr/images/web_v3/bg_trans.png
★당일특가★ 전주 시그니처 호텔,https://www.goodchoice.kr/product/detail?ano=73693&adcno=2&sel_date=2023-08-24&sel_date2=2023-08-25,,"
79,000원 ",//image.goodchoice.kr/images/web_v3/bg_trans.png
여수 오션힐호텔,https://www.goodchoice.kr/product/detail?ano=75172&adcno=2&sel_date=2023-08-24&sel_date2=2023-08-25,,"
71,200원 ",//image.goodchoice.kr/images/web_v3/bg_trans.png
여수 블루온 리조트&풀빌라,https://www.goodchoice.kr/product/detail?ano=73157&adcno=3&sel_date=2023-08-24&sel_date2=2023-08-25,,"
165,000원 ",//image.goodchoice.kr/images/web_v3/bg_trans.png
여수 블루망고 풀빌라 앤 리조트,https://www.goodchoice.kr/product/detail?ano=64852&adcno=3&sel_date=2023-08-24&sel_date2=2023-08-25,,"
115,000원 ",//image.goodchoice.kr/images/web_v3/bg_trans.png
디아크 리조트,https://www.goodchoice.kr/product/detail?ano=59941&adcno=2&sel_date=2023-08-24&sel_date2=2023-08-25,,"
180,000원 ",//image.goodchoice.kr/images/web_v3/bg_trans.png
전주 MH HOTEL 객리단길점,https://www.goodchoice.kr/product/detail?ano=67125&adcno=1&sel_date=2023-08-24&sel_date2=2023-08-25,,"
239,000원 ",//image.goodchoice.kr/images/web_v3/bg_trans.png
군산 스테이 관광호텔,https://www.goodchoice.kr/product/detail?ano=74653&adcno=2&sel_date=2023-08-24&sel_date2=2023-08-25,,"
66,750원 ",//image.goodchoice.kr/images/web_v3/bg_trans.png
여수 HOTEL GD,https://www.goodchoice.kr/product/detail?ano=73396&adcno=1&sel_date=2023-08-24&sel_date2=2023-08-25,,"
171,500원 ",//image.goodchoice.kr/images/web_v3/bg_trans.png
코업스테이 여수 호텔,https://www.goodchoice.kr/product/detail?ano=74196&adcno=2&sel_date=2023-08-24&sel_date2=2023-08-25,,"
81,000원 ",//image.goodchoice.kr/images/web_v3/bg_trans.png
전주 호텔 더 빈센트,https://www.goodchoice.kr/product/detail?ano=75537&adcno=2&sel_date=2023-08-24&sel_date2=2023-08-25,,"
206,000원 ",//image.goodchoice.kr/images/web_v3/bg_trans.png
목포 호텔 투썸 - twosome,https://www.goodchoice.kr/product/detail?ano=69621&adcno=1&sel_date=2023-08-24&sel_date2=2023-08-25,,"
265,000원 ",//image.goodchoice.kr/images/web_v3/bg_trans.png
여수펜션 아라메르 오션뷰&수영장펜션,https://www.goodchoice.kr/product/detail?ano=72165&adcno=3&sel_date=2023-08-24&sel_date2=2023-08-25,,"
72,500원 ",//image.goodchoice.kr/images/web_v3/bg_trans.png
전주 제이브라운,https://www.goodchoice.kr/product/detail?ano=73258&adcno=1&sel_date=2023-08-24&sel_date2=2023-08-25,,"
96,000원 ",//image.goodchoice.kr/images/web_v3/bg_trans.png
보니타카라반,https://www.goodchoice.kr/product/detail?ano=74571&adcno=5&sel_date=2023-08-24&sel_date2=2023-08-25,,"
66,000원 ",//image.goodchoice.kr/images/web_v3/bg_trans.png
베스트웨스턴 플러스 전주 호텔,https://www.goodchoice.kr/product/detail?ano=66268&adcno=2&sel_date=2023-08-24&sel_date2=2023-08-25,,"
102,500원 ",//image.goodchoice.kr/images/web_v3/bg_trans.png
전주 MH HOTEL 중화산동점,https://www.goodchoice.kr/product/detail?ano=54353&adcno=1&sel_date=2023-08-24&sel_date2=2023-08-25,,"
120,000원 ",//image.goodchoice.kr/images/web_v3/bg_trans.png
★당일특가★ 라한호텔 전주,https://www.goodchoice.kr/product/detail?ano=64806&adcno=2&sel_date=2023-08-24&sel_date2=2023-08-25,,"
68,250원 ",//image.goodchoice.kr/images/web_v3/bg_trans.png
풀빌라리조트 리베라,https://www.goodchoice.kr/product/detail?ano=73071&adcno=3&sel_date=2023-08-24&sel_date2=2023-08-25,,"
68,250원 ",//image.goodchoice.kr/images/web_v3/bg_trans.png
여수 오아시스 풀빌라&수영장펜션,https://www.goodchoice.kr/product/detail?ano=72941&adcno=3&sel_date=2023-08-24&sel_date2=2023-08-25,,"
121,000원 ",//image.goodchoice.kr/images/web_v3/bg_trans.png
여수 시에스타 풀빌라&수영장펜션,https://www.goodchoice.kr/product/detail?ano=72943&adcno=3&sel_date=2023-08-24&sel_date2=2023-08-25,,"
70,000원 ",//image.goodchoice.kr/images/web_v3/bg_trans.png
여수 호텔 모던옥,https://www.goodchoice.kr/product/detail?ano=75170&adcno=1&sel_date=2023-08-24&sel_date2=2023-08-25,,"
180,000원 ",//image.goodchoice.kr/images/web_v3/bg_trans.png
헤이븐 호텔,https://www.goodchoice.kr/product/detail?ano=51584&adcno=2&sel_date=2023-08-24&sel_date2=2023-08-25,,,//image.goodchoice.kr/images/web_v3/bg_trans.png
르 그랑블루 리조트,https://www.goodchoice.kr/product/detail?ano=51361&adcno=2&sel_date=2023-08-24&sel_date2=2023-08-25,,,//image.goodchoice.kr/images/web_v3/bg_trans.png
전주 베스트인시티호텔,https://www.goodchoice.kr/product/detail?ano=69067&adcno=1&sel_date=2023-08-24&sel_date2=2023-08-25,,,//image.goodchoice.kr/images/web_v3/bg_trans.png
나주 듀플렉스 레지던스 호텔,https://www.goodchoice.kr/product/detail?ano=71180&adcno=1&sel_date=2023-08-24&sel_date2=2023-08-25,,,//image.goodchoice.kr/images/web_v3/bg_trans.png
목포 째즈호텔,https://www.goodchoice.kr/product/detail?ano=72948&adcno=1&sel_date=2023-08-24&sel_date2=2023-08-25,,,//image.goodchoice.kr/images/web_v3/bg_trans.png
여수 스테이 더 슬립,https://www.goodchoice.kr/product/detail?ano=74783&adcno=3&sel_date=2023-08-24&sel_date2=2023-08-25,,,//image.goodchoice.kr/images/web_v3/bg_trans.png
여수 포트앤포트 풀빌라,https://www.goodchoice.kr/product/detail?ano=71759&adcno=3&sel_date=2023-08-24&sel_date2=2023-08-25,,,//image.goodchoice.kr/images/web_v3/bg_trans.png
목포 호텔 라임,https://www.goodchoice.kr/product/detail?ano=65585&adcno=1&sel_date=2023-08-24&sel_date2=2023-08-25,,,//image.goodchoice.kr/images/web_v3/bg_trans.png
목포 호텔 스테이,https://www.goodchoice.kr/product/detail?ano=64713&adcno=1&sel_date=2023-08-24&sel_date2=2023-08-25,,,//image.goodchoice.kr/images/web_v3/bg_trans.png
여수 더뷰 917 풀빌라,https://www.goodchoice.kr/product/detail?ano=67180&adcno=3&sel_date=2023-08-24&sel_date2=2023-08-25,,,//image.goodchoice.kr/images/web_v3/bg_trans.png
전주 호텔 늘,https://www.goodchoice.kr/product/detail?ano=45946&adcno=1&sel_date=2023-08-24&sel_date2=2023-08-25,,,//image.goodchoice.kr/images/web_v3/bg_trans.png
쏠비치 진도 리조트 ,https://www.goodchoice.kr/product/detail?ano=60673&adcno=2&sel_date=2023-08-24&sel_date2=2023-08-25,,,//image.goodchoice.kr/images/web_v3/bg_trans.png
목포 아야나 호텔 & 풀빌라,https://www.goodchoice.kr/product/detail?ano=68939&adcno=2&sel_date=2023-08-24&sel_date2=2023-08-25,,,//image.goodchoice.kr/images/web_v3/bg_trans.png
전주 브라운도트 - 덕진점,https://www.goodchoice.kr/product/detail?ano=67734&adcno=1&sel_date=2023-08-24&sel_date2=2023-08-25,,,//image.goodchoice.kr/images/web_v3/bg_trans.png
라마다 프라자 호텔 & 씨원리조트 자은도,https://www.goodchoice.kr/product/detail?ano=71396&adcno=2&sel_date=2023-08-24&sel_date2=2023-08-25,,,//image.goodchoice.kr/images/web_v3/bg_trans.png
익산 비지니스호텔 라움스테이,https://www.goodchoice.kr/product/detail?ano=74168&adcno=1&sel_date=2023-08-24&sel_date2=2023-08-25,,,//image.goodchoice.kr/images/web_v3/bg_trans.png
여수 더끌림 오션뷰&수영장펜션,https://www.goodchoice.kr/product/detail?ano=72169&adcno=3&sel_date=2023-08-24&sel_date2=2023-08-25,,,//image.goodchoice.kr/images/web_v3/bg_trans.png
낭만밤바다,https://www.goodchoice.kr/product/detail?ano=75526&adcno=3&sel_date=2023-08-24&sel_date2=2023-08-25,,,//image.goodchoice.kr/images/web_v3/bg_trans.png
전주 더케이,https://www.goodchoice.kr/product/detail?ano=64667&adcno=1&sel_date=2023-08-24&sel_date2=2023-08-25,,,//image.goodchoice.kr/images/web_v3/bg_trans.png
전주 YAJA-전주한옥마을점,https://www.goodchoice.kr/product/detail?ano=73006&adcno=1&sel_date=2023-08-24&sel_date2=2023-08-25,,,//image.goodchoice.kr/images/web_v3/bg_trans.png
목포 호텔 카이저,https://www.goodchoice.kr/product/detail?ano=61064&adcno=1&sel_date=2023-08-24&sel_date2=2023-08-25,,,//image.goodchoice.kr/images/web_v3/bg_trans.png
군산 다올호텔,https://www.goodchoice.kr/product/detail?ano=71984&adcno=1&sel_date=2023-08-24&sel_date2=2023-08-25,,,//image.goodchoice.kr/images/web_v3/bg_trans.png
전주 투썸스테이-중화산점,https://www.goodchoice.kr/product/detail?ano=49629&adcno=1&sel_date=2023-08-24&sel_date2=2023-08-25,,,//image.goodchoice.kr/images/web_v3/bg_trans.png
순천 아비숑,https://www.goodchoice.kr/product/detail?ano=70489&adcno=1&sel_date=2023-08-24&sel_date2=2023-08-25,,,//image.goodchoice.kr/images/web_v3/bg_trans.png
전주 한옥마을 인디고,https://www.goodchoice.kr/product/detail?ano=74711&adcno=6&sel_date=2023-08-24&sel_date2=2023-08-25,,,//image.goodchoice.kr/images/web_v3/bg_trans.png
순천 HOTEL YAM-순천연향점,https://www.goodchoice.kr/product/detail?ano=67670&adcno=1&sel_date=2023-08-24&sel_date2=2023-08-25,,,//image.goodchoice.kr/images/web_v3/bg_trans.png
전주 콩나물호텔,https://www.goodchoice.kr/product/detail?ano=3851&adcno=1&sel_date=2023-08-24&sel_date2=2023-08-25,,,//image.goodchoice.kr/images/web_v3/bg_trans.png
여수 키웨스트리조트,https://www.goodchoice.kr/product/detail?ano=60903&adcno=3&sel_date=2023-08-24&sel_date2=2023-08-25,,,//image.goodchoice.kr/images/web_v3/bg_trans.png
여수 호텔 라임-HOTEL LIME,https://www.goodchoice.kr/product/detail?ano=52882&adcno=1&sel_date=2023-08-24&sel_date2=2023-08-25,,,//image.goodchoice.kr/images/web_v3/bg_trans.png
여수 소르르 오션뷰&수영장 펜션,https://www.goodchoice.kr/product/detail?ano=64965&adcno=3&sel_date=2023-08-24&sel_date2=2023-08-25,,,//image.goodchoice.kr/images/web_v3/bg_trans.png
스테이노트,https://www.goodchoice.kr/product/detail?ano=74517&adcno=3&sel_date=2023-08-24&sel_date2=2023-08-25,,,//image.goodchoice.kr/images/web_v3/bg_trans.png
전주 메이드-HOTEL MADE,https://www.goodchoice.kr/product/detail?ano=1187&adcno=1&sel_date=2023-08-24&sel_date2=2023-08-25,,,//image.goodchoice.kr/images/web_v3/bg_trans.png
목포 에이치에비뉴 평화광장점,https://www.goodchoice.kr/product/detail?ano=71048&adcno=1&sel_date=2023-08-24&sel_date2=2023-08-25,,,//image.goodchoice.kr/images/web_v3/bg_trans.png
전주 소소한 한옥,https://www.goodchoice.kr/product/detail?ano=73277&adcno=6&sel_date=2023-08-24&sel_date2=2023-08-25,,,//image.goodchoice.kr/images/web_v3/bg_trans.png
전주 호텔아지트 신시가지점,https://www.goodchoice.kr/product/detail?ano=66858&adcno=1&sel_date=2023-08-24&sel_date2=2023-08-25,,,//image.goodchoice.kr/images/web_v3/bg_trans.png
군산 호텔 아이콘,https://www.goodchoice.kr/product/detail?ano=67662&adcno=1&sel_date=2023-08-24&sel_date2=2023-08-25,,,//image.goodchoice.kr/images/web_v3/bg_trans.png
전주 호텔 시그니처-Signature,https://www.goodchoice.kr/product/detail?ano=70568&adcno=1&sel_date=2023-08-24&sel_date2=2023-08-25,,,//image.goodchoice.kr/images/web_v3/bg_trans.png
목포 넘버25 호텔 상동점,https://www.goodchoice.kr/product/detail?ano=71027&adcno=1&sel_date=2023-08-24&sel_date2=2023-08-25,,,//image.goodchoice.kr/images/web_v3/bg_trans.png
태왕리조트&펜션,https://www.goodchoice.kr/product/detail?ano=74239&adcno=3&sel_date=2023-08-24&sel_date2=2023-08-25,,,//image.goodchoice.kr/images/web_v3/bg_trans.png
군산 JNK 호텔 시청점,https://www.goodchoice.kr/product/detail?ano=63621&adcno=1&sel_date=2023-08-24&sel_date2=2023-08-25,,,//image.goodchoice.kr/images/web_v3/bg_trans.png
목포 일번지 호텔,https://www.goodchoice.kr/product/detail?ano=13533&adcno=1&sel_date=2023-08-24&sel_date2=2023-08-25,,,//image.goodchoice.kr/images/web_v3/bg_trans.png
여수 호텔 엘크레인 - L CRANE,https://www.goodchoice.kr/product/detail?ano=58517&adcno=1&sel_date=2023-08-24&sel_date2=2023-08-25,,,//image.goodchoice.kr/images/web_v3/bg_trans.png
익산 호텔 커브,https://www.goodchoice.kr/product/detail?ano=69345&adcno=1&sel_date=2023-08-24&sel_date2=2023-08-25,,,//image.goodchoice.kr/images/web_v3/bg_trans.png
군산 마루호텔,https://www.goodchoice.kr/product/detail?ano=72002&adcno=1&sel_date=2023-08-24&sel_date2=2023-08-25,,,//image.goodchoice.kr/images/web_v3/bg_trans.png
목포 어반 호텔,https://www.goodchoice.kr/product/detail?ano=68987&adcno=2&sel_date=2023-08-24&sel_date2=2023-08-25,,,//image.goodchoice.kr/images/web_v3/bg_trans.png
전주 투썸스테이-서신점,https://www.goodchoice.kr/product/detail?ano=3199&adcno=1&sel_date=2023-08-24&sel_date2=2023-08-25,,,//image.goodchoice.kr/images/web_v3/bg_trans.png
목포 호텔 가봄,https://www.goodchoice.kr/product/detail?ano=64435&adcno=1&sel_date=2023-08-24&sel_date2=2023-08-25,,,//image.goodchoice.kr/images/web_v3/bg_trans.png
여수 스테이 호텔,https://www.goodchoice.kr/product/detail?ano=65830&adcno=1&sel_date=2023-08-24&sel_date2=2023-08-25,,,//image.goodchoice.kr/images/web_v3/bg_trans.png
브라운도트호텔 목포평화광장점,https://www.goodchoice.kr/product/detail?ano=72038&adcno=2&sel_date=2023-08-24&sel_date2=2023-08-25,,,//image.goodchoice.kr/images/web_v3/bg_trans.png
순천 리조트라움&풀빌라,https://www.goodchoice.kr/product/detail?ano=69733&adcno=3&sel_date=2023-08-24&sel_date2=2023-08-25,,,//image.goodchoice.kr/images/web_v3/bg_trans.png
여수펜션 벨르 풀빌라&수영장펜션,https://www.goodchoice.kr/product/detail?ano=72155&adcno=3&sel_date=2023-08-24&sel_date2=2023-08-25,,,//image.goodchoice.kr/images/web_v3/bg_trans.png
순천 HOTEL MARS,https://www.goodchoice.kr/product/detail?ano=69243&adcno=1&sel_date=2023-08-24&sel_date2=2023-08-25,,,//image.goodchoice.kr/images/web_v3/bg_trans.png
탑클라우드 호텔 익산,https://www.goodchoice.kr/product/detail?ano=71189&adcno=2&sel_date=2023-08-24&sel_date2=2023-08-25,,,//image.goodchoice.kr/images/web_v3/bg_trans.png
목포 칼튼힐 호텔,https://www.goodchoice.kr/product/detail?ano=72258&adcno=1&sel_date=2023-08-24&sel_date2=2023-08-25,,,//image.goodchoice.kr/images/web_v3/bg_trans.png
호텔 케니 여수,https://www.goodchoice.kr/product/detail?ano=67692&adcno=2&sel_date=2023-08-24&sel_date2=2023-08-25,,,//image.goodchoice.kr/images/web_v3/bg_trans.png
전주 애플모텔,https://www.goodchoice.kr/product/detail?ano=74977&adcno=1&sel_date=2023-08-24&sel_date2=2023-08-25,,,//image.goodchoice.kr/images/web_v3/bg_trans.png
여수펜션 끌레르 오션뷰&수영장펜션,https://www.goodchoice.kr/product/detail?ano=72163&adcno=3&sel_date=2023-08-24&sel_date2=2023-08-25,,,//image.goodchoice.kr/images/web_v3/bg_trans.png
여수 AG스파빌 펜션,https://www.goodchoice.kr/product/detail?ano=74429&adcno=3&sel_date=2023-08-24&sel_date2=2023-08-25,,,//image.goodchoice.kr/images/web_v3/bg_trans.png
전주 노이 호텔,https://www.goodchoice.kr/product/detail?ano=4751&adcno=1&sel_date=2023-08-24&sel_date2=2023-08-25,,,//image.goodchoice.kr/images/web_v3/bg_trans.png
전주 호텔루나,https://www.goodchoice.kr/product/detail?ano=60300&adcno=1&sel_date=2023-08-24&sel_date2=2023-08-25,,,//image.goodchoice.kr/images/web_v3/bg_trans.png
여수 돌산 더 호텔 수,https://www.goodchoice.kr/product/detail?ano=9816&adcno=2&sel_date=2023-08-24&sel_date2=2023-08-25,,,//image.goodchoice.kr/images/web_v3/bg_trans.png
목포 브라운도트 - 평화광장점,https://www.goodchoice.kr/product/detail?ano=71917&adcno=1&sel_date=2023-08-24&sel_date2=2023-08-25,,,//image.goodchoice.kr/images/web_v3/bg_trans.png
여수 호텔 라라썸-RARASOME,https://www.goodchoice.kr/product/detail?ano=69343&adcno=1&sel_date=2023-08-24&sel_date2=2023-08-25,,,//image.goodchoice.kr/images/web_v3/bg_trans.png
까르마 풀빌라,https://www.goodchoice.kr/product/detail?ano=6867&adcno=3&sel_date=2023-08-24&sel_date2=2023-08-25,,,//image.goodchoice.kr/images/web_v3/bg_trans.png
여수 호텔 루나,https://www.goodchoice.kr/product/detail?ano=75532&adcno=1&sel_date=2023-08-24&sel_date2=2023-08-25,,,//image.goodchoice.kr/images/web_v3/bg_trans.png
여수 보네르 풀빌라&수영장펜션,https://www.goodchoice.kr/product/detail?ano=72942&adcno=3&sel_date=2023-08-24&sel_date2=2023-08-25,,,//image.goodchoice.kr/images/web_v3/bg_trans.png
여수 빅오쇼 게스트하우스,https://www.goodchoice.kr/product/detail?ano=75518&adcno=6&sel_date=2023-08-24&sel_date2=2023-08-25,,,//image.goodchoice.kr/images/web_v3/bg_trans.png
익산 INN,https://www.goodchoice.kr/product/detail?ano=3016&adcno=1&sel_date=2023-08-24&sel_date2=2023-08-25,,,//image.goodchoice.kr/images/web_v3/bg_trans.png
