구월 반월 아시아드호텔,https://www.goodchoice.kr/product/detail?ano=46156&adcno=1&sel_date=2023-08-24&sel_date2=2023-08-25,인천 남동구 구월동,"
176,000원 ",//image.goodchoice.kr/images/web_v3/bg_trans.png
인천공항 디케이 인천 에어포트 호텔,https://www.goodchoice.kr/product/detail?ano=75157&adcno=1&sel_date=2023-08-24&sel_date2=2023-08-25,송도센트럴파크 도보 1분,"
89,000원 ",//image.goodchoice.kr/images/web_v3/bg_trans.png
네스트호텔 인천,https://www.goodchoice.kr/product/detail?ano=7061&adcno=2&sel_date=2023-08-24&sel_date2=2023-08-25,인천 중구 중산동,"
47,000원 ",//image.goodchoice.kr/images/web_v3/bg_trans.png
영종 웨스턴 그레이스 호텔,https://www.goodchoice.kr/product/detail?ano=74377&adcno=1&sel_date=2023-08-24&sel_date2=2023-08-25,영종역 차량 15분,"
374,000원 ",//image.goodchoice.kr/images/web_v3/bg_trans.png
구월동 구월호텔,https://www.goodchoice.kr/product/detail?ano=4478&adcno=1&sel_date=2023-08-24&sel_date2=2023-08-25,"인천 부평구 부평동                    
예약취소가능","
65,000원 ",//image.goodchoice.kr/images/web_v3/bg_trans.png
부평 스테이 인 호텔,https://www.goodchoice.kr/product/detail?ano=75030&adcno=1&sel_date=2023-08-24&sel_date2=2023-08-25,"인천 남동구 간석동                    
예약취소가능","
50,000원 ",//image.goodchoice.kr/images/web_v3/bg_trans.png
어반스테이 인천송도,https://www.goodchoice.kr/product/detail?ano=69194&adcno=2&sel_date=2023-08-24&sel_date2=2023-08-25,"인천 부평구 부평동                    
예약취소가능, 혜택존","
110,000원 ",//image.goodchoice.kr/images/web_v3/bg_trans.png
오라카이 송도파크 호텔,https://www.goodchoice.kr/product/detail?ano=7530&adcno=2&sel_date=2023-08-24&sel_date2=2023-08-25,"인천 남동구 구월동                    
예약취소가능, 혜택존","
34,000원 ",//image.goodchoice.kr/images/web_v3/bg_trans.png
파크마린호텔,https://www.goodchoice.kr/product/detail?ano=51793&adcno=2&sel_date=2023-08-24&sel_date2=2023-08-25,"인천 중구 북성동1가                    
예약취소가능","
471,900원 ",//image.goodchoice.kr/images/web_v3/bg_trans.png
영종 인터내셔널호텔,https://www.goodchoice.kr/product/detail?ano=62712&adcno=1&sel_date=2023-08-24&sel_date2=2023-08-25,"인천 미추홀구 주안동                    
예약취소가능, 혜택존","
91,000원 ",//image.goodchoice.kr/images/web_v3/bg_trans.png
영흥도 온더비치풀빌라&글램핑,https://www.goodchoice.kr/product/detail?ano=74273&adcno=3&sel_date=2023-08-24&sel_date2=2023-08-25,인천 중구 중산동,"
110,000원 ",//image.goodchoice.kr/images/web_v3/bg_trans.png
송도 다온호텔,https://www.goodchoice.kr/product/detail?ano=72762&adcno=1&sel_date=2023-08-24&sel_date2=2023-08-25,용유역 차량 10분,,//image.goodchoice.kr/images/web_v3/bg_trans.png
소래포구 3S,https://www.goodchoice.kr/product/detail?ano=72754&adcno=1&sel_date=2023-08-24&sel_date2=2023-08-25,"인천 부평구 부평동                    
예약취소가능",,//image.goodchoice.kr/images/web_v3/bg_trans.png
구월 호텔 엠플레이스,https://www.goodchoice.kr/product/detail?ano=3577&adcno=1&sel_date=2023-08-24&sel_date2=2023-08-25,"인천 부평구 부평동                    
예약취소가능",,//image.goodchoice.kr/images/web_v3/bg_trans.png
호구포 그랜드팰리스,https://www.goodchoice.kr/product/detail?ano=66390&adcno=1&sel_date=2023-08-24&sel_date2=2023-08-25,,,//image.goodchoice.kr/images/web_v3/bg_trans.png
Grace Suite Hotel,https://www.goodchoice.kr/product/detail?ano=65752&adcno=2&sel_date=2023-08-24&sel_date2=2023-08-25,,,//image.goodchoice.kr/images/web_v3/bg_trans.png
송도 에이치에비뉴,https://www.goodchoice.kr/product/detail?ano=72753&adcno=1&sel_date=2023-08-24&sel_date2=2023-08-25,,,//image.goodchoice.kr/images/web_v3/bg_trans.png
오션파크나인,https://www.goodchoice.kr/product/detail?ano=69080&adcno=2&sel_date=2023-08-24&sel_date2=2023-08-25,,,//image.goodchoice.kr/images/web_v3/bg_trans.png
을왕리 더레스트 호텔,https://www.goodchoice.kr/product/detail?ano=5457&adcno=1&sel_date=2023-08-24&sel_date2=2023-08-25,,,//image.goodchoice.kr/images/web_v3/bg_trans.png
서구 넘버25,https://www.goodchoice.kr/product/detail?ano=75007&adcno=1&sel_date=2023-08-24&sel_date2=2023-08-25,,,//image.goodchoice.kr/images/web_v3/bg_trans.png
검단 3S BOUTIQUE HOTEL,https://www.goodchoice.kr/product/detail?ano=68415&adcno=1&sel_date=2023-08-24&sel_date2=2023-08-25,,,//image.goodchoice.kr/images/web_v3/bg_trans.png
영종웨스턴그레이스호텔,https://www.goodchoice.kr/product/detail?ano=75093&adcno=2&sel_date=2023-08-24&sel_date2=2023-08-25,,,//image.goodchoice.kr/images/web_v3/bg_trans.png
구월 호텔 더 디자이너스 인천,https://www.goodchoice.kr/product/detail?ano=1991&adcno=1&sel_date=2023-08-24&sel_date2=2023-08-25,,,//image.goodchoice.kr/images/web_v3/bg_trans.png
더위크앤 리조트,https://www.goodchoice.kr/product/detail?ano=66197&adcno=2&sel_date=2023-08-24&sel_date2=2023-08-25,,,//image.goodchoice.kr/images/web_v3/bg_trans.png
인천 세븐블라쎄르,https://www.goodchoice.kr/product/detail?ano=74882&adcno=3&sel_date=2023-08-24&sel_date2=2023-08-25,,,//image.goodchoice.kr/images/web_v3/bg_trans.png
부평 더휴식 아늑호텔 부평점,https://www.goodchoice.kr/product/detail?ano=70264&adcno=1&sel_date=2023-08-24&sel_date2=2023-08-25,,,//image.goodchoice.kr/images/web_v3/bg_trans.png
구월 HOTEL BAY 204,https://www.goodchoice.kr/product/detail?ano=66646&adcno=1&sel_date=2023-08-24&sel_date2=2023-08-25,,,//image.goodchoice.kr/images/web_v3/bg_trans.png
코너스톤풀빌라&스파펜션,https://www.goodchoice.kr/product/detail?ano=74361&adcno=3&sel_date=2023-08-24&sel_date2=2023-08-25,,,//image.goodchoice.kr/images/web_v3/bg_trans.png
HOTEL 여기어때 - 서인천,https://www.goodchoice.kr/product/detail?ano=69254&adcno=1&sel_date=2023-08-24&sel_date2=2023-08-25,,,//image.goodchoice.kr/images/web_v3/bg_trans.png
HOTEL 여기어때 - 주안점,https://www.goodchoice.kr/product/detail?ano=3258&adcno=1&sel_date=2023-08-24&sel_date2=2023-08-25,,,//image.goodchoice.kr/images/web_v3/bg_trans.png
부평 boutique 노리터 호텔,https://www.goodchoice.kr/product/detail?ano=960&adcno=1&sel_date=2023-08-24&sel_date2=2023-08-25,,,//image.goodchoice.kr/images/web_v3/bg_trans.png
영흥도 보헤나풀빌라,https://www.goodchoice.kr/product/detail?ano=72775&adcno=3&sel_date=2023-08-24&sel_date2=2023-08-25,,,//image.goodchoice.kr/images/web_v3/bg_trans.png
연수 호텔 498,https://www.goodchoice.kr/product/detail?ano=51508&adcno=1&sel_date=2023-08-24&sel_date2=2023-08-25,,,//image.goodchoice.kr/images/web_v3/bg_trans.png
간석 골든호텔,https://www.goodchoice.kr/product/detail?ano=1954&adcno=1&sel_date=2023-08-24&sel_date2=2023-08-25,,,//image.goodchoice.kr/images/web_v3/bg_trans.png
검단 이쁘다,https://www.goodchoice.kr/product/detail?ano=73013&adcno=1&sel_date=2023-08-24&sel_date2=2023-08-25,,,//image.goodchoice.kr/images/web_v3/bg_trans.png
송도 더휴식 아늑 THE Peak-인천점,https://www.goodchoice.kr/product/detail?ano=3706&adcno=1&sel_date=2023-08-24&sel_date2=2023-08-25,,,//image.goodchoice.kr/images/web_v3/bg_trans.png
검단신도시 에이치애비뉴,https://www.goodchoice.kr/product/detail?ano=74148&adcno=1&sel_date=2023-08-24&sel_date2=2023-08-25,,,//image.goodchoice.kr/images/web_v3/bg_trans.png
에어스카이 호텔,https://www.goodchoice.kr/product/detail?ano=67292&adcno=2&sel_date=2023-08-24&sel_date2=2023-08-25,,,//image.goodchoice.kr/images/web_v3/bg_trans.png
비아또 풀빌라,https://www.goodchoice.kr/product/detail?ano=72191&adcno=3&sel_date=2023-08-24&sel_date2=2023-08-25,,,//image.goodchoice.kr/images/web_v3/bg_trans.png
부평 호텔 ORA-오라,https://www.goodchoice.kr/product/detail?ano=51993&adcno=1&sel_date=2023-08-24&sel_date2=2023-08-25,,,//image.goodchoice.kr/images/web_v3/bg_trans.png
작전 소울하다,https://www.goodchoice.kr/product/detail?ano=67821&adcno=1&sel_date=2023-08-24&sel_date2=2023-08-25,,,//image.goodchoice.kr/images/web_v3/bg_trans.png
검단신도시 하운드호텔,https://www.goodchoice.kr/product/detail?ano=73968&adcno=1&sel_date=2023-08-24&sel_date2=2023-08-25,,,//image.goodchoice.kr/images/web_v3/bg_trans.png
부평 쁠랑,https://www.goodchoice.kr/product/detail?ano=1648&adcno=1&sel_date=2023-08-24&sel_date2=2023-08-25,,,//image.goodchoice.kr/images/web_v3/bg_trans.png
구월 호텔아라,https://www.goodchoice.kr/product/detail?ano=3646&adcno=1&sel_date=2023-08-24&sel_date2=2023-08-25,,,//image.goodchoice.kr/images/web_v3/bg_trans.png
소래포구 호텔 더 그레이,https://www.goodchoice.kr/product/detail?ano=4586&adcno=1&sel_date=2023-08-24&sel_date2=2023-08-25,,,//image.goodchoice.kr/images/web_v3/bg_trans.png
간석 hotel 101,https://www.goodchoice.kr/product/detail?ano=2352&adcno=1&sel_date=2023-08-24&sel_date2=2023-08-25,,,//image.goodchoice.kr/images/web_v3/bg_trans.png
주안 청춘호텔,https://www.goodchoice.kr/product/detail?ano=70268&adcno=1&sel_date=2023-08-24&sel_date2=2023-08-25,,,//image.goodchoice.kr/images/web_v3/bg_trans.png
석남 어썸,https://www.goodchoice.kr/product/detail?ano=65475&adcno=1&sel_date=2023-08-24&sel_date2=2023-08-25,,,//image.goodchoice.kr/images/web_v3/bg_trans.png
주안 나인-9 HOTEL,https://www.goodchoice.kr/product/detail?ano=4287&adcno=1&sel_date=2023-08-24&sel_date2=2023-08-25,,,//image.goodchoice.kr/images/web_v3/bg_trans.png
구월 느낌,https://www.goodchoice.kr/product/detail?ano=5536&adcno=1&sel_date=2023-08-24&sel_date2=2023-08-25,,,//image.goodchoice.kr/images/web_v3/bg_trans.png
오션 솔레뷰,https://www.goodchoice.kr/product/detail?ano=65855&adcno=2&sel_date=2023-08-24&sel_date2=2023-08-25,,,//image.goodchoice.kr/images/web_v3/bg_trans.png
작전 써클호텔,https://www.goodchoice.kr/product/detail?ano=50187&adcno=1&sel_date=2023-08-24&sel_date2=2023-08-25,,,//image.goodchoice.kr/images/web_v3/bg_trans.png
주안 ON&OFF,https://www.goodchoice.kr/product/detail?ano=3299&adcno=1&sel_date=2023-08-24&sel_date2=2023-08-25,,,//image.goodchoice.kr/images/web_v3/bg_trans.png
월미도 블루마린호텔,https://www.goodchoice.kr/product/detail?ano=49456&adcno=1&sel_date=2023-08-24&sel_date2=2023-08-25,,,//image.goodchoice.kr/images/web_v3/bg_trans.png
석남 뱅크,https://www.goodchoice.kr/product/detail?ano=69586&adcno=1&sel_date=2023-08-24&sel_date2=2023-08-25,,,//image.goodchoice.kr/images/web_v3/bg_trans.png
부평 게이트,https://www.goodchoice.kr/product/detail?ano=3981&adcno=1&sel_date=2023-08-24&sel_date2=2023-08-25,,,//image.goodchoice.kr/images/web_v3/bg_trans.png
서구 데이앤나잇,https://www.goodchoice.kr/product/detail?ano=69804&adcno=1&sel_date=2023-08-24&sel_date2=2023-08-25,,,//image.goodchoice.kr/images/web_v3/bg_trans.png
송도 YAM,https://www.goodchoice.kr/product/detail?ano=70184&adcno=1&sel_date=2023-08-24&sel_date2=2023-08-25,,,//image.goodchoice.kr/images/web_v3/bg_trans.png
주안 데이앤나잇-DAY&NIGHT,https://www.goodchoice.kr/product/detail?ano=3259&adcno=1&sel_date=2023-08-24&sel_date2=2023-08-25,,,//image.goodchoice.kr/images/web_v3/bg_trans.png
동암 3&4호텔,https://www.goodchoice.kr/product/detail?ano=68204&adcno=1&sel_date=2023-08-24&sel_date2=2023-08-25,,,//image.goodchoice.kr/images/web_v3/bg_trans.png
강화 에코 스파 펜션 글램핑,https://www.goodchoice.kr/product/detail?ano=67205&adcno=3&sel_date=2023-08-24&sel_date2=2023-08-25,,,//image.goodchoice.kr/images/web_v3/bg_trans.png
주안 보스코호텔,https://www.goodchoice.kr/product/detail?ano=61097&adcno=1&sel_date=2023-08-24&sel_date2=2023-08-25,,,//image.goodchoice.kr/images/web_v3/bg_trans.png
주안 호텔 홀인원,https://www.goodchoice.kr/product/detail?ano=6022&adcno=1&sel_date=2023-08-24&sel_date2=2023-08-25,,,//image.goodchoice.kr/images/web_v3/bg_trans.png
송도 팔레스,https://www.goodchoice.kr/product/detail?ano=69052&adcno=1&sel_date=2023-08-24&sel_date2=2023-08-25,,,//image.goodchoice.kr/images/web_v3/bg_trans.png
부평 코고라,https://www.goodchoice.kr/product/detail?ano=56750&adcno=1&sel_date=2023-08-24&sel_date2=2023-08-25,,,//image.goodchoice.kr/images/web_v3/bg_trans.png
작전 RG,https://www.goodchoice.kr/product/detail?ano=4262&adcno=1&sel_date=2023-08-24&sel_date2=2023-08-25,,,//image.goodchoice.kr/images/web_v3/bg_trans.png
송도 센트럴파크 호텔 ,https://www.goodchoice.kr/product/detail?ano=6872&adcno=2&sel_date=2023-08-24&sel_date2=2023-08-25,,,//image.goodchoice.kr/images/web_v3/bg_trans.png
주안 호텔나무,https://www.goodchoice.kr/product/detail?ano=67278&adcno=1&sel_date=2023-08-24&sel_date2=2023-08-25,,,//image.goodchoice.kr/images/web_v3/bg_trans.png
송도 로뎀 호텔,https://www.goodchoice.kr/product/detail?ano=68294&adcno=1&sel_date=2023-08-24&sel_date2=2023-08-25,,,//image.goodchoice.kr/images/web_v3/bg_trans.png
소래포구 에이치에비뉴-H-AVENUE,https://www.goodchoice.kr/product/detail?ano=69494&adcno=1&sel_date=2023-08-24&sel_date2=2023-08-25,,,//image.goodchoice.kr/images/web_v3/bg_trans.png
부평 샴푸,https://www.goodchoice.kr/product/detail?ano=1891&adcno=1&sel_date=2023-08-24&sel_date2=2023-08-25,,,//image.goodchoice.kr/images/web_v3/bg_trans.png
작전 브라운도트,https://www.goodchoice.kr/product/detail?ano=45978&adcno=1&sel_date=2023-08-24&sel_date2=2023-08-25,,,//image.goodchoice.kr/images/web_v3/bg_trans.png
간석 알리스위트 호텔,https://www.goodchoice.kr/product/detail?ano=4347&adcno=1&sel_date=2023-08-24&sel_date2=2023-08-25,,,//image.goodchoice.kr/images/web_v3/bg_trans.png
구월 호텔 카카오,https://www.goodchoice.kr/product/detail?ano=49016&adcno=1&sel_date=2023-08-24&sel_date2=2023-08-25,,,//image.goodchoice.kr/images/web_v3/bg_trans.png
부평 두루와 호텔-본관,https://www.goodchoice.kr/product/detail?ano=47531&adcno=1&sel_date=2023-08-24&sel_date2=2023-08-25,,,//image.goodchoice.kr/images/web_v3/bg_trans.png
연수 명품호텔,https://www.goodchoice.kr/product/detail?ano=54627&adcno=1&sel_date=2023-08-24&sel_date2=2023-08-25,,,//image.goodchoice.kr/images/web_v3/bg_trans.png
부평 ON&OFF,https://www.goodchoice.kr/product/detail?ano=2998&adcno=1&sel_date=2023-08-24&sel_date2=2023-08-25,,,//image.goodchoice.kr/images/web_v3/bg_trans.png
부평 호텔 마루,https://www.goodchoice.kr/product/detail?ano=63810&adcno=1&sel_date=2023-08-24&sel_date2=2023-08-25,,,//image.goodchoice.kr/images/web_v3/bg_trans.png
부평 칼튼,https://www.goodchoice.kr/product/detail?ano=67391&adcno=1&sel_date=2023-08-24&sel_date2=2023-08-25,,,//image.goodchoice.kr/images/web_v3/bg_trans.png
인천 리베라 베리움 호텔,https://www.goodchoice.kr/product/detail?ano=69659&adcno=2&sel_date=2023-08-24&sel_date2=2023-08-25,,,//image.goodchoice.kr/images/web_v3/bg_trans.png
오크우드 프리미어 인천,https://www.goodchoice.kr/product/detail?ano=6959&adcno=2&sel_date=2023-08-24&sel_date2=2023-08-25,,,//image.goodchoice.kr/images/web_v3/bg_trans.png
연화문호텔 을왕,https://www.goodchoice.kr/product/detail?ano=67771&adcno=2&sel_date=2023-08-24&sel_date2=2023-08-25,,,//image.goodchoice.kr/images/web_v3/bg_trans.png
강화도 동막 스파 펜션,https://www.goodchoice.kr/product/detail?ano=75016&adcno=3&sel_date=2023-08-24&sel_date2=2023-08-25,,,//image.goodchoice.kr/images/web_v3/bg_trans.png
부평 제니스,https://www.goodchoice.kr/product/detail?ano=6003&adcno=1&sel_date=2023-08-24&sel_date2=2023-08-25,,,//image.goodchoice.kr/images/web_v3/bg_trans.png
부평 넘버25,https://www.goodchoice.kr/product/detail?ano=53037&adcno=1&sel_date=2023-08-24&sel_date2=2023-08-25,,,//image.goodchoice.kr/images/web_v3/bg_trans.png
석남 스위치,https://www.goodchoice.kr/product/detail?ano=67376&adcno=1&sel_date=2023-08-24&sel_date2=2023-08-25,,,//image.goodchoice.kr/images/web_v3/bg_trans.png
주안 스텔라 - stella,https://www.goodchoice.kr/product/detail?ano=46144&adcno=1&sel_date=2023-08-24&sel_date2=2023-08-25,,,//image.goodchoice.kr/images/web_v3/bg_trans.png
주안 St.179 HOTEL,https://www.goodchoice.kr/product/detail?ano=62188&adcno=1&sel_date=2023-08-24&sel_date2=2023-08-25,,,//image.goodchoice.kr/images/web_v3/bg_trans.png
강화 스카이랜드카라반리조트,https://www.goodchoice.kr/product/detail?ano=66636&adcno=5&sel_date=2023-08-24&sel_date2=2023-08-25,,,//image.goodchoice.kr/images/web_v3/bg_trans.png
서구 비욘드호텔,https://www.goodchoice.kr/product/detail?ano=1900&adcno=1&sel_date=2023-08-24&sel_date2=2023-08-25,,,//image.goodchoice.kr/images/web_v3/bg_trans.png
경인교대 호텔101,https://www.goodchoice.kr/product/detail?ano=2323&adcno=1&sel_date=2023-08-24&sel_date2=2023-08-25,,,//image.goodchoice.kr/images/web_v3/bg_trans.png
동암 베네,https://www.goodchoice.kr/product/detail?ano=1858&adcno=1&sel_date=2023-08-24&sel_date2=2023-08-25,,,//image.goodchoice.kr/images/web_v3/bg_trans.png
부평 호텔 마리골드,https://www.goodchoice.kr/product/detail?ano=70144&adcno=1&sel_date=2023-08-24&sel_date2=2023-08-25,,,//image.goodchoice.kr/images/web_v3/bg_trans.png
주안 글램-GLAM,https://www.goodchoice.kr/product/detail?ano=71172&adcno=1&sel_date=2023-08-24&sel_date2=2023-08-25,,,//image.goodchoice.kr/images/web_v3/bg_trans.png
강화 가온재 독채풀빌라,https://www.goodchoice.kr/product/detail?ano=71183&adcno=3&sel_date=2023-08-24&sel_date2=2023-08-25,,,//image.goodchoice.kr/images/web_v3/bg_trans.png
작전 소풍,https://www.goodchoice.kr/product/detail?ano=4224&adcno=1&sel_date=2023-08-24&sel_date2=2023-08-25,,,//image.goodchoice.kr/images/web_v3/bg_trans.png
인천 코코,https://www.goodchoice.kr/product/detail?ano=48594&adcno=1&sel_date=2023-08-24&sel_date2=2023-08-25,,,//image.goodchoice.kr/images/web_v3/bg_trans.png
주안 호텔식스,https://www.goodchoice.kr/product/detail?ano=2900&adcno=1&sel_date=2023-08-24&sel_date2=2023-08-25,,,//image.goodchoice.kr/images/web_v3/bg_trans.png
부평 두루와 호텔-별관,https://www.goodchoice.kr/product/detail?ano=13518&adcno=1&sel_date=2023-08-24&sel_date2=2023-08-25,,,//image.goodchoice.kr/images/web_v3/bg_trans.png
호텔 오라 인천,https://www.goodchoice.kr/product/detail?ano=7055&adcno=2&sel_date=2023-08-24&sel_date2=2023-08-25,,,//image.goodchoice.kr/images/web_v3/bg_trans.png
