서울신라호텔,https://www.goodchoice.kr/product/detail?ano=70163&adcno=2&sel_date=2023-08-24&sel_date2=2023-08-25,서울 영등포구 여의도동,"
269,500원 ",//image.goodchoice.kr/images/web_v3/bg_trans.png
노보텔 스위트 앰배서더 서울 용산,https://www.goodchoice.kr/product/detail?ano=50687&adcno=2&sel_date=2023-08-24&sel_date2=2023-08-25,서울 동작구 신대방동,"
242,000원 ",//image.goodchoice.kr/images/web_v3/bg_trans.png
노보텔 앰배서더 동대문 호텔&레지던스,https://www.goodchoice.kr/product/detail?ano=51906&adcno=2&sel_date=2023-08-24&sel_date2=2023-08-25,영등포역 부근,"
154,000원 ",//image.goodchoice.kr/images/web_v3/bg_trans.png
종로 K-World-종로 3가,https://www.goodchoice.kr/product/detail?ano=65523&adcno=1&sel_date=2023-08-24&sel_date2=2023-08-25,"서울 종로구 관철동                    
예약취소가능, 혜택존","
139,000원 ",//image.goodchoice.kr/images/web_v3/bg_trans.png
영등포 H-AVENUE,https://www.goodchoice.kr/product/detail?ano=844&adcno=1&sel_date=2023-08-24&sel_date2=2023-08-25,"서울 영등포구 영등포동3가                    
예약취소가능","
90,000원 ",//image.goodchoice.kr/images/web_v3/bg_trans.png
글래드 여의도,https://www.goodchoice.kr/product/detail?ano=6534&adcno=2&sel_date=2023-08-24&sel_date2=2023-08-25,서울 강남구 청담동,"
217,500원 ",//image.goodchoice.kr/images/web_v3/bg_trans.png
신라스테이 구로,https://www.goodchoice.kr/product/detail?ano=6798&adcno=2&sel_date=2023-08-24&sel_date2=2023-08-25,삼성역 도보 1분,"
235,000원 ",//image.goodchoice.kr/images/web_v3/bg_trans.png
역삼 인트로호텔,https://www.goodchoice.kr/product/detail?ano=72748&adcno=1&sel_date=2023-08-24&sel_date2=2023-08-25,"서울 마포구 노고산동                    
예약취소가능","
341,000원 ",//image.goodchoice.kr/images/web_v3/bg_trans.png
사당 호텔 카일,https://www.goodchoice.kr/product/detail?ano=73221&adcno=1&sel_date=2023-08-24&sel_date2=2023-08-25,이태원역 차량 3분,"
110,000원 ",//image.goodchoice.kr/images/web_v3/bg_trans.png
페어필드 바이 메리어트 서울,https://www.goodchoice.kr/product/detail?ano=51149&adcno=2&sel_date=2023-08-24&sel_date2=2023-08-25,서울 강남구 논현동,"
165,000원 ",//image.goodchoice.kr/images/web_v3/bg_trans.png
신촌 가을,https://www.goodchoice.kr/product/detail?ano=781&adcno=1&sel_date=2023-08-24&sel_date2=2023-08-25,"서울 강남구 역삼동                    
예약취소가능페이백 SOLD OUT","
165,440원 ",//image.goodchoice.kr/images/web_v3/bg_trans.png
잠실 라비호텔,https://www.goodchoice.kr/product/detail?ano=67954&adcno=1&sel_date=2023-08-24&sel_date2=2023-08-25,서울 중구 장충동2가,"
123,000원 ",//image.goodchoice.kr/images/web_v3/bg_trans.png
서울대 하운드 호텔,https://www.goodchoice.kr/product/detail?ano=73648&adcno=1&sel_date=2023-08-24&sel_date2=2023-08-25,서울 강남구 삼성동,"
357,500원 ",//image.goodchoice.kr/images/web_v3/bg_trans.png
더 스테이트 선유 호텔,https://www.goodchoice.kr/product/detail?ano=48187&adcno=2&sel_date=2023-08-24&sel_date2=2023-08-25,회현역 부근,"
140,000원 ",//image.goodchoice.kr/images/web_v3/bg_trans.png
종로 부티크 호텔K,https://www.goodchoice.kr/product/detail?ano=1742&adcno=1&sel_date=2023-08-24&sel_date2=2023-08-25,서울 마포구 도화동,"
110,589원 ",//image.goodchoice.kr/images/web_v3/bg_trans.png
이비스 스타일 앰배서더 서울 용산,https://www.goodchoice.kr/product/detail?ano=50686&adcno=2&sel_date=2023-08-24&sel_date2=2023-08-25,"서울 강남구 역삼동                    
예약취소가능페이백 SOLD OUT","
153,900원 ",//image.goodchoice.kr/images/web_v3/bg_trans.png
영등포 Blvd 호텔오라,https://www.goodchoice.kr/product/detail?ano=4060&adcno=1&sel_date=2023-08-24&sel_date2=2023-08-25,서울 종로구 인의동,"
190,000원 ",//image.goodchoice.kr/images/web_v3/bg_trans.png
홍대 더휴식 아늑,https://www.goodchoice.kr/product/detail?ano=72182&adcno=1&sel_date=2023-08-24&sel_date2=2023-08-25,"서울 강남구 역삼동                    
예약취소가능페이백 50%할인",,//image.goodchoice.kr/images/web_v3/bg_trans.png
잠실 메리제인 호텔,https://www.goodchoice.kr/product/detail?ano=74128&adcno=1&sel_date=2023-08-24&sel_date2=2023-08-25,"서울 성동구 도선동                    
예약취소가능",,//image.goodchoice.kr/images/web_v3/bg_trans.png
★당일특가★ 호텔 리베라,https://www.goodchoice.kr/product/detail?ano=6264&adcno=2&sel_date=2023-08-24&sel_date2=2023-08-25,"서울 강남구 역삼동                    
예약취소가능",,//image.goodchoice.kr/images/web_v3/bg_trans.png
잠실 셀레네,https://www.goodchoice.kr/product/detail?ano=13483&adcno=1&sel_date=2023-08-24&sel_date2=2023-08-25,서울 송파구 문정동,,//image.goodchoice.kr/images/web_v3/bg_trans.png
글래드 강남 코엑스센터,https://www.goodchoice.kr/product/detail?ano=49442&adcno=2&sel_date=2023-08-24&sel_date2=2023-08-25,"서울 광진구 군자동                    
예약취소가능, 혜택존",,//image.goodchoice.kr/images/web_v3/bg_trans.png
종로 호텔라와,https://www.goodchoice.kr/product/detail?ano=60477&adcno=1&sel_date=2023-08-24&sel_date2=2023-08-25,가산디지털단지역 7호선 8번출구 도보 3분,,//image.goodchoice.kr/images/web_v3/bg_trans.png
신촌 라뉘호텔,https://www.goodchoice.kr/product/detail?ano=779&adcno=1&sel_date=2023-08-24&sel_date2=2023-08-25,,,//image.goodchoice.kr/images/web_v3/bg_trans.png
은평 씨에스에비뉴 호텔,https://www.goodchoice.kr/product/detail?ano=47247&adcno=1&sel_date=2023-08-24&sel_date2=2023-08-25,,,//image.goodchoice.kr/images/web_v3/bg_trans.png
역삼 벤,https://www.goodchoice.kr/product/detail?ano=688&adcno=1&sel_date=2023-08-24&sel_date2=2023-08-25,,,//image.goodchoice.kr/images/web_v3/bg_trans.png
몬드리안 서울 이태원,https://www.goodchoice.kr/product/detail?ano=65229&adcno=2&sel_date=2023-08-24&sel_date2=2023-08-25,,,//image.goodchoice.kr/images/web_v3/bg_trans.png
잠실 루이체,https://www.goodchoice.kr/product/detail?ano=3205&adcno=1&sel_date=2023-08-24&sel_date2=2023-08-25,,,//image.goodchoice.kr/images/web_v3/bg_trans.png
건대 더 디자이너스 프리미어-화양동,https://www.goodchoice.kr/product/detail?ano=49461&adcno=1&sel_date=2023-08-24&sel_date2=2023-08-25,,,//image.goodchoice.kr/images/web_v3/bg_trans.png
엘리에나 호텔,https://www.goodchoice.kr/product/detail?ano=72776&adcno=2&sel_date=2023-08-24&sel_date2=2023-08-25,,,//image.goodchoice.kr/images/web_v3/bg_trans.png
신촌 호텔 루씨르,https://www.goodchoice.kr/product/detail?ano=1697&adcno=1&sel_date=2023-08-24&sel_date2=2023-08-25,,,//image.goodchoice.kr/images/web_v3/bg_trans.png
강남 캠퍼스,https://www.goodchoice.kr/product/detail?ano=4988&adcno=1&sel_date=2023-08-24&sel_date2=2023-08-25,,,//image.goodchoice.kr/images/web_v3/bg_trans.png
잠실 톰지,https://www.goodchoice.kr/product/detail?ano=3540&adcno=1&sel_date=2023-08-24&sel_date2=2023-08-25,,,//image.goodchoice.kr/images/web_v3/bg_trans.png
앰배서더 서울 풀만 호텔,https://www.goodchoice.kr/product/detail?ano=69966&adcno=2&sel_date=2023-08-24&sel_date2=2023-08-25,,,//image.goodchoice.kr/images/web_v3/bg_trans.png
영등포 호텔 더 휴,https://www.goodchoice.kr/product/detail?ano=2078&adcno=1&sel_date=2023-08-24&sel_date2=2023-08-25,,,//image.goodchoice.kr/images/web_v3/bg_trans.png
역삼 PREMIER XYM,https://www.goodchoice.kr/product/detail?ano=5803&adcno=1&sel_date=2023-08-24&sel_date2=2023-08-25,,,//image.goodchoice.kr/images/web_v3/bg_trans.png
글래드 마포,https://www.goodchoice.kr/product/detail?ano=50756&adcno=2&sel_date=2023-08-24&sel_date2=2023-08-25,,,//image.goodchoice.kr/images/web_v3/bg_trans.png
★당일특가★ N285호텔 인사동,https://www.goodchoice.kr/product/detail?ano=72763&adcno=2&sel_date=2023-08-24&sel_date2=2023-08-25,,,//image.goodchoice.kr/images/web_v3/bg_trans.png
독산 씨 호텔-SI,https://www.goodchoice.kr/product/detail?ano=55470&adcno=1&sel_date=2023-08-24&sel_date2=2023-08-25,,,//image.goodchoice.kr/images/web_v3/bg_trans.png
잠실 Stay hotel,https://www.goodchoice.kr/product/detail?ano=1929&adcno=1&sel_date=2023-08-24&sel_date2=2023-08-25,,,//image.goodchoice.kr/images/web_v3/bg_trans.png
선릉 그레이호텔,https://www.goodchoice.kr/product/detail?ano=63362&adcno=1&sel_date=2023-08-24&sel_date2=2023-08-25,,,//image.goodchoice.kr/images/web_v3/bg_trans.png
창동 론스타,https://www.goodchoice.kr/product/detail?ano=1141&adcno=1&sel_date=2023-08-24&sel_date2=2023-08-25,,,//image.goodchoice.kr/images/web_v3/bg_trans.png
호텔 인 나인 강남,https://www.goodchoice.kr/product/detail?ano=57843&adcno=2&sel_date=2023-08-24&sel_date2=2023-08-25,,,//image.goodchoice.kr/images/web_v3/bg_trans.png
종로 M&LUCKY HOTEL,https://www.goodchoice.kr/product/detail?ano=65001&adcno=1&sel_date=2023-08-24&sel_date2=2023-08-25,,,//image.goodchoice.kr/images/web_v3/bg_trans.png
화곡 Ms hotel,https://www.goodchoice.kr/product/detail?ano=5792&adcno=1&sel_date=2023-08-24&sel_date2=2023-08-25,,,//image.goodchoice.kr/images/web_v3/bg_trans.png
레스케이프,https://www.goodchoice.kr/product/detail?ano=60449&adcno=2&sel_date=2023-08-24&sel_date2=2023-08-25,,,//image.goodchoice.kr/images/web_v3/bg_trans.png
건대 호텔 K World,https://www.goodchoice.kr/product/detail?ano=51604&adcno=1&sel_date=2023-08-24&sel_date2=2023-08-25,,,//image.goodchoice.kr/images/web_v3/bg_trans.png
강남 멜리샤호텔,https://www.goodchoice.kr/product/detail?ano=63624&adcno=1&sel_date=2023-08-24&sel_date2=2023-08-25,,,//image.goodchoice.kr/images/web_v3/bg_trans.png
잠실 HL Hotel,https://www.goodchoice.kr/product/detail?ano=55388&adcno=1&sel_date=2023-08-24&sel_date2=2023-08-25,,,//image.goodchoice.kr/images/web_v3/bg_trans.png
종로 호텔 더 포스트,https://www.goodchoice.kr/product/detail?ano=56944&adcno=1&sel_date=2023-08-24&sel_date2=2023-08-25,,,//image.goodchoice.kr/images/web_v3/bg_trans.png
신촌 호텔 나랑,https://www.goodchoice.kr/product/detail?ano=57342&adcno=1&sel_date=2023-08-24&sel_date2=2023-08-25,,,//image.goodchoice.kr/images/web_v3/bg_trans.png
사당 티트리 호텔,https://www.goodchoice.kr/product/detail?ano=59759&adcno=1&sel_date=2023-08-24&sel_date2=2023-08-25,,,//image.goodchoice.kr/images/web_v3/bg_trans.png
신라스테이 마포,https://www.goodchoice.kr/product/detail?ano=6689&adcno=2&sel_date=2023-08-24&sel_date2=2023-08-25,,,//image.goodchoice.kr/images/web_v3/bg_trans.png
역삼 호텔 디 아티스트,https://www.goodchoice.kr/product/detail?ano=5675&adcno=1&sel_date=2023-08-24&sel_date2=2023-08-25,,,//image.goodchoice.kr/images/web_v3/bg_trans.png
신촌 림,https://www.goodchoice.kr/product/detail?ano=3834&adcno=1&sel_date=2023-08-24&sel_date2=2023-08-25,,,//image.goodchoice.kr/images/web_v3/bg_trans.png
종로 시네마,https://www.goodchoice.kr/product/detail?ano=917&adcno=1&sel_date=2023-08-24&sel_date2=2023-08-25,,,//image.goodchoice.kr/images/web_v3/bg_trans.png
건대 드가자,https://www.goodchoice.kr/product/detail?ano=69527&adcno=1&sel_date=2023-08-24&sel_date2=2023-08-25,,,//image.goodchoice.kr/images/web_v3/bg_trans.png
왕십리 Full Moon,https://www.goodchoice.kr/product/detail?ano=63580&adcno=1&sel_date=2023-08-24&sel_date2=2023-08-25,,,//image.goodchoice.kr/images/web_v3/bg_trans.png
역삼 컬리넌,https://www.goodchoice.kr/product/detail?ano=2084&adcno=1&sel_date=2023-08-24&sel_date2=2023-08-25,,,//image.goodchoice.kr/images/web_v3/bg_trans.png
서초 제이에스-J.S호텔,https://www.goodchoice.kr/product/detail?ano=68527&adcno=1&sel_date=2023-08-24&sel_date2=2023-08-25,,,//image.goodchoice.kr/images/web_v3/bg_trans.png
왕십리 호텔 아모렉스,https://www.goodchoice.kr/product/detail?ano=3954&adcno=1&sel_date=2023-08-24&sel_date2=2023-08-25,,,//image.goodchoice.kr/images/web_v3/bg_trans.png
화곡 소설스미스,https://www.goodchoice.kr/product/detail?ano=48146&adcno=1&sel_date=2023-08-24&sel_date2=2023-08-25,,,//image.goodchoice.kr/images/web_v3/bg_trans.png
종로 THE MAY HOTEL,https://www.goodchoice.kr/product/detail?ano=64334&adcno=1&sel_date=2023-08-24&sel_date2=2023-08-25,,,//image.goodchoice.kr/images/web_v3/bg_trans.png
호텔 아트리움 종로,https://www.goodchoice.kr/product/detail?ano=7402&adcno=2&sel_date=2023-08-24&sel_date2=2023-08-25,,,//image.goodchoice.kr/images/web_v3/bg_trans.png
호텔 나루 서울-엠갤러리,https://www.goodchoice.kr/product/detail?ano=71695&adcno=2&sel_date=2023-08-24&sel_date2=2023-08-25,,,//image.goodchoice.kr/images/web_v3/bg_trans.png
신촌 포레스타,https://www.goodchoice.kr/product/detail?ano=54862&adcno=1&sel_date=2023-08-24&sel_date2=2023-08-25,,,//image.goodchoice.kr/images/web_v3/bg_trans.png
신촌 신디호텔,https://www.goodchoice.kr/product/detail?ano=1627&adcno=1&sel_date=2023-08-24&sel_date2=2023-08-25,,,//image.goodchoice.kr/images/web_v3/bg_trans.png
신천 NU,https://www.goodchoice.kr/product/detail?ano=50263&adcno=1&sel_date=2023-08-24&sel_date2=2023-08-25,,,//image.goodchoice.kr/images/web_v3/bg_trans.png
역삼 리치웰,https://www.goodchoice.kr/product/detail?ano=3805&adcno=1&sel_date=2023-08-24&sel_date2=2023-08-25,,,//image.goodchoice.kr/images/web_v3/bg_trans.png
경희대 글램 GLAM,https://www.goodchoice.kr/product/detail?ano=771&adcno=1&sel_date=2023-08-24&sel_date2=2023-08-25,,,//image.goodchoice.kr/images/web_v3/bg_trans.png
신촌 MAC,https://www.goodchoice.kr/product/detail?ano=3659&adcno=1&sel_date=2023-08-24&sel_date2=2023-08-25,,,//image.goodchoice.kr/images/web_v3/bg_trans.png
신림 THE MAY,https://www.goodchoice.kr/product/detail?ano=70287&adcno=1&sel_date=2023-08-24&sel_date2=2023-08-25,,,//image.goodchoice.kr/images/web_v3/bg_trans.png
롯데시티호텔 구로,https://www.goodchoice.kr/product/detail?ano=6379&adcno=2&sel_date=2023-08-24&sel_date2=2023-08-25,,,//image.goodchoice.kr/images/web_v3/bg_trans.png
종로 호텔 루미아,https://www.goodchoice.kr/product/detail?ano=55312&adcno=1&sel_date=2023-08-24&sel_date2=2023-08-25,,,//image.goodchoice.kr/images/web_v3/bg_trans.png
성신여대역 더월-THE WALL,https://www.goodchoice.kr/product/detail?ano=1142&adcno=1&sel_date=2023-08-24&sel_date2=2023-08-25,,,//image.goodchoice.kr/images/web_v3/bg_trans.png
왕십리 포레스타,https://www.goodchoice.kr/product/detail?ano=5666&adcno=1&sel_date=2023-08-24&sel_date2=2023-08-25,,,//image.goodchoice.kr/images/web_v3/bg_trans.png
불광 3S호텔,https://www.goodchoice.kr/product/detail?ano=72823&adcno=1&sel_date=2023-08-24&sel_date2=2023-08-25,,,//image.goodchoice.kr/images/web_v3/bg_trans.png
영등포 홈,https://www.goodchoice.kr/product/detail?ano=834&adcno=1&sel_date=2023-08-24&sel_date2=2023-08-25,,,//image.goodchoice.kr/images/web_v3/bg_trans.png
역삼 H Avenue-역삼점,https://www.goodchoice.kr/product/detail?ano=71160&adcno=1&sel_date=2023-08-24&sel_date2=2023-08-25,,,//image.goodchoice.kr/images/web_v3/bg_trans.png
영등포 플로렌스,https://www.goodchoice.kr/product/detail?ano=74013&adcno=1&sel_date=2023-08-24&sel_date2=2023-08-25,,,//image.goodchoice.kr/images/web_v3/bg_trans.png
호텔 안테룸 서울,https://www.goodchoice.kr/product/detail?ano=65455&adcno=2&sel_date=2023-08-24&sel_date2=2023-08-25,,,//image.goodchoice.kr/images/web_v3/bg_trans.png
독산 호텔 인 카페,https://www.goodchoice.kr/product/detail?ano=64487&adcno=1&sel_date=2023-08-24&sel_date2=2023-08-25,,,//image.goodchoice.kr/images/web_v3/bg_trans.png
건대 컬리넌-2호점,https://www.goodchoice.kr/product/detail?ano=46256&adcno=1&sel_date=2023-08-24&sel_date2=2023-08-25,,,//image.goodchoice.kr/images/web_v3/bg_trans.png
강남 렉시,https://www.goodchoice.kr/product/detail?ano=1896&adcno=1&sel_date=2023-08-24&sel_date2=2023-08-25,,,//image.goodchoice.kr/images/web_v3/bg_trans.png
명동 밀리오레호텔,https://www.goodchoice.kr/product/detail?ano=68065&adcno=1&sel_date=2023-08-24&sel_date2=2023-08-25,,,//image.goodchoice.kr/images/web_v3/bg_trans.png
종로 HOTEL LABOUM,https://www.goodchoice.kr/product/detail?ano=67002&adcno=1&sel_date=2023-08-24&sel_date2=2023-08-25,,,//image.goodchoice.kr/images/web_v3/bg_trans.png
잠실 호텔 어반,https://www.goodchoice.kr/product/detail?ano=60976&adcno=1&sel_date=2023-08-24&sel_date2=2023-08-25,,,//image.goodchoice.kr/images/web_v3/bg_trans.png
호텔 파크하비오,https://www.goodchoice.kr/product/detail?ano=61579&adcno=2&sel_date=2023-08-24&sel_date2=2023-08-25,,,//image.goodchoice.kr/images/web_v3/bg_trans.png
종로 Hertz-헤르츠,https://www.goodchoice.kr/product/detail?ano=4642&adcno=1&sel_date=2023-08-24&sel_date2=2023-08-25,,,//image.goodchoice.kr/images/web_v3/bg_trans.png
신촌 NO.25,https://www.goodchoice.kr/product/detail?ano=66666&adcno=1&sel_date=2023-08-24&sel_date2=2023-08-25,,,//image.goodchoice.kr/images/web_v3/bg_trans.png
더 스테이 클래식 호텔 명동,https://www.goodchoice.kr/product/detail?ano=73685&adcno=2&sel_date=2023-08-24&sel_date2=2023-08-25,,,//image.goodchoice.kr/images/web_v3/bg_trans.png
수유 호텔 클래시,https://www.goodchoice.kr/product/detail?ano=717&adcno=1&sel_date=2023-08-24&sel_date2=2023-08-25,,,//image.goodchoice.kr/images/web_v3/bg_trans.png
화곡 HOTEL N,https://www.goodchoice.kr/product/detail?ano=67882&adcno=1&sel_date=2023-08-24&sel_date2=2023-08-25,,,//image.goodchoice.kr/images/web_v3/bg_trans.png
잠실 호텔 더 캐슬-방이2호점,https://www.goodchoice.kr/product/detail?ano=68089&adcno=1&sel_date=2023-08-24&sel_date2=2023-08-25,,,//image.goodchoice.kr/images/web_v3/bg_trans.png
노원 필름 37.2 호텔,https://www.goodchoice.kr/product/detail?ano=1408&adcno=1&sel_date=2023-08-24&sel_date2=2023-08-25,,,//image.goodchoice.kr/images/web_v3/bg_trans.png
건대 컬리넌-1호점,https://www.goodchoice.kr/product/detail?ano=1102&adcno=1&sel_date=2023-08-24&sel_date2=2023-08-25,,,//image.goodchoice.kr/images/web_v3/bg_trans.png
화곡 하임,https://www.goodchoice.kr/product/detail?ano=1689&adcno=1&sel_date=2023-08-24&sel_date2=2023-08-25,,,//image.goodchoice.kr/images/web_v3/bg_trans.png
역삼 브라운도트,https://www.goodchoice.kr/product/detail?ano=692&adcno=1&sel_date=2023-08-24&sel_date2=2023-08-25,,,//image.goodchoice.kr/images/web_v3/bg_trans.png
골드리버 호텔,https://www.goodchoice.kr/product/detail?ano=45200&adcno=2&sel_date=2023-08-24&sel_date2=2023-08-25,,,//image.goodchoice.kr/images/web_v3/bg_trans.png
스위스 그랜드 호텔,https://www.goodchoice.kr/product/detail?ano=12830&adcno=2&sel_date=2023-08-24&sel_date2=2023-08-25,,,//image.goodchoice.kr/images/web_v3/bg_trans.png
