★당일특가★ 라한셀렉트 경주 ,https://www.goodchoice.kr/product/detail?ano=6900&adcno=2&sel_date=2023-08-24&sel_date2=2023-08-25,나정고운모래해변 차량 4분,"
237,000원 ",//image.goodchoice.kr/images/web_v3/bg_trans.png
힐튼 경주,https://www.goodchoice.kr/product/detail?ano=9854&adcno=2&sel_date=2023-08-24&sel_date2=2023-08-25,오류고아라해변 차량 3분,"
250,000원 ",//image.goodchoice.kr/images/web_v3/bg_trans.png
베스트웨스턴플러스 경주,https://www.goodchoice.kr/product/detail?ano=69857&adcno=2&sel_date=2023-08-24&sel_date2=2023-08-25,오류고아라해변 차량 1분,"
123,000원 ",//image.goodchoice.kr/images/web_v3/bg_trans.png
경주 당근 료칸 풀빌라,https://www.goodchoice.kr/product/detail?ano=74399&adcno=3&sel_date=2023-08-24&sel_date2=2023-08-25,불국사 차량 25분,"
249,000원 ",//image.goodchoice.kr/images/web_v3/bg_trans.png
경주 트라제풀빌라,https://www.goodchoice.kr/product/detail?ano=73774&adcno=3&sel_date=2023-08-24&sel_date2=2023-08-25,경북 경주시 황남동,"
336,330원 ",//image.goodchoice.kr/images/web_v3/bg_trans.png
경주 수피아라 풀빌라,https://www.goodchoice.kr/product/detail?ano=72856&adcno=3&sel_date=2023-08-24&sel_date2=2023-08-25,경북 경주시 노서동,"
189,000원 ",//image.goodchoice.kr/images/web_v3/bg_trans.png
구룡포 호텔701,https://www.goodchoice.kr/product/detail?ano=75232&adcno=1&sel_date=2023-08-24&sel_date2=2023-08-25,장항해수풀장 차량 10분,"
139,000원 ",//image.goodchoice.kr/images/web_v3/bg_trans.png
경주 CELL27 독채풀빌라&수영장펜션,https://www.goodchoice.kr/product/detail?ano=73310&adcno=3&sel_date=2023-08-24&sel_date2=2023-08-25,"경남 김해시 대청동                    
예약취소가능, 혜택존","
80,500원 ",//image.goodchoice.kr/images/web_v3/bg_trans.png
경주 브리즈 스파펜션,https://www.goodchoice.kr/product/detail?ano=73949&adcno=3&sel_date=2023-08-24&sel_date2=2023-08-25,경남 거제시 하청면 어온리,"
136,600원 ",//image.goodchoice.kr/images/web_v3/bg_trans.png
포항 파라다이스 풀빌라,https://www.goodchoice.kr/product/detail?ano=75047&adcno=3&sel_date=2023-08-24&sel_date2=2023-08-25,,"
259,000원 ",//image.goodchoice.kr/images/web_v3/bg_trans.png
경주 블루원 리조트,https://www.goodchoice.kr/product/detail?ano=73859&adcno=2&sel_date=2023-08-24&sel_date2=2023-08-25,,"
320,000원 ",//image.goodchoice.kr/images/web_v3/bg_trans.png
경주 인스타펜션 ,https://www.goodchoice.kr/product/detail?ano=75324&adcno=3&sel_date=2023-08-24&sel_date2=2023-08-25,,"
450,000원 ",//image.goodchoice.kr/images/web_v3/bg_trans.png
합성 아이브호텔,https://www.goodchoice.kr/product/detail?ano=74814&adcno=1&sel_date=2023-08-24&sel_date2=2023-08-25,,"
69,000원 ",//image.goodchoice.kr/images/web_v3/bg_trans.png
포항 비치드웨일 풀빌라,https://www.goodchoice.kr/product/detail?ano=74630&adcno=3&sel_date=2023-08-24&sel_date2=2023-08-25,,"
160,000원 ",//image.goodchoice.kr/images/web_v3/bg_trans.png
더 테라스 호텔,https://www.goodchoice.kr/product/detail?ano=74899&adcno=2&sel_date=2023-08-24&sel_date2=2023-08-25,,"
139,000원 ",//image.goodchoice.kr/images/web_v3/bg_trans.png
토모노야 호텔&료칸 경주,https://www.goodchoice.kr/product/detail?ano=67295&adcno=2&sel_date=2023-08-24&sel_date2=2023-08-25,,"
189,000원 ",//image.goodchoice.kr/images/web_v3/bg_trans.png
이제 경주,https://www.goodchoice.kr/product/detail?ano=72860&adcno=2&sel_date=2023-08-24&sel_date2=2023-08-25,,"
69,000원 ",//image.goodchoice.kr/images/web_v3/bg_trans.png
포항 티베이 풀빌라,https://www.goodchoice.kr/product/detail?ano=68454&adcno=3&sel_date=2023-08-24&sel_date2=2023-08-25,,"
65,500원 ",//image.goodchoice.kr/images/web_v3/bg_trans.png
경주 펜타스케이프 풀빌라,https://www.goodchoice.kr/product/detail?ano=73110&adcno=3&sel_date=2023-08-24&sel_date2=2023-08-25,,"
223,200원 ",//image.goodchoice.kr/images/web_v3/bg_trans.png
경주 예스풀빌라,https://www.goodchoice.kr/product/detail?ano=71938&adcno=3&sel_date=2023-08-24&sel_date2=2023-08-25,,"
342,000원 ",//image.goodchoice.kr/images/web_v3/bg_trans.png
경주 머물다풀빌라,https://www.goodchoice.kr/product/detail?ano=67483&adcno=3&sel_date=2023-08-24&sel_date2=2023-08-25,,"
110,000원 ",//image.goodchoice.kr/images/web_v3/bg_trans.png
경주 알베센트 풀빌라,https://www.goodchoice.kr/product/detail?ano=70534&adcno=3&sel_date=2023-08-24&sel_date2=2023-08-25,,"
69,000원 ",//image.goodchoice.kr/images/web_v3/bg_trans.png
거제도 트로피칼드림 리조트&카라반,https://www.goodchoice.kr/product/detail?ano=75132&adcno=3&sel_date=2023-08-24&sel_date2=2023-08-25,,"
105,000원 ",//image.goodchoice.kr/images/web_v3/bg_trans.png
경주 늘시원 오션뷰 펜션,https://www.goodchoice.kr/product/detail?ano=70178&adcno=3&sel_date=2023-08-24&sel_date2=2023-08-25,,,//image.goodchoice.kr/images/web_v3/bg_trans.png
스테이 예,https://www.goodchoice.kr/product/detail?ano=74913&adcno=3&sel_date=2023-08-24&sel_date2=2023-08-25,,,//image.goodchoice.kr/images/web_v3/bg_trans.png
창원 더퍼스트호텔,https://www.goodchoice.kr/product/detail?ano=71802&adcno=1&sel_date=2023-08-24&sel_date2=2023-08-25,,,//image.goodchoice.kr/images/web_v3/bg_trans.png
경주 황남관 한옥호텔,https://www.goodchoice.kr/product/detail?ano=6901&adcno=2&sel_date=2023-08-24&sel_date2=2023-08-25,,,//image.goodchoice.kr/images/web_v3/bg_trans.png
포항 맨션6-MANSION 6,https://www.goodchoice.kr/product/detail?ano=70620&adcno=1&sel_date=2023-08-24&sel_date2=2023-08-25,,,//image.goodchoice.kr/images/web_v3/bg_trans.png
경주 아트인티아라 스파펜션,https://www.goodchoice.kr/product/detail?ano=50834&adcno=3&sel_date=2023-08-24&sel_date2=2023-08-25,,,//image.goodchoice.kr/images/web_v3/bg_trans.png
★당일특가★ 프래밀리 풀빌라&호텔,https://www.goodchoice.kr/product/detail?ano=7526&adcno=2&sel_date=2023-08-24&sel_date2=2023-08-25,,,//image.goodchoice.kr/images/web_v3/bg_trans.png
라마다 스위츠 거제 호텔,https://www.goodchoice.kr/product/detail?ano=66828&adcno=2&sel_date=2023-08-24&sel_date2=2023-08-25,,,//image.goodchoice.kr/images/web_v3/bg_trans.png
경주 호텔 팰리스,https://www.goodchoice.kr/product/detail?ano=72312&adcno=1&sel_date=2023-08-24&sel_date2=2023-08-25,,,//image.goodchoice.kr/images/web_v3/bg_trans.png
아르떼리조트 스파&풀빌라,https://www.goodchoice.kr/product/detail?ano=47431&adcno=2&sel_date=2023-08-24&sel_date2=2023-08-25,,,//image.goodchoice.kr/images/web_v3/bg_trans.png
경주 호텔 시리즈,https://www.goodchoice.kr/product/detail?ano=404&adcno=1&sel_date=2023-08-24&sel_date2=2023-08-25,,,//image.goodchoice.kr/images/web_v3/bg_trans.png
경주 JI 부티끄 호텔,https://www.goodchoice.kr/product/detail?ano=73984&adcno=1&sel_date=2023-08-24&sel_date2=2023-08-25,,,//image.goodchoice.kr/images/web_v3/bg_trans.png
토모노야 시그니처 료칸 남해 A,https://www.goodchoice.kr/product/detail?ano=72138&adcno=2&sel_date=2023-08-24&sel_date2=2023-08-25,,,//image.goodchoice.kr/images/web_v3/bg_trans.png
경주 세모네모 풀빌라 글램핑,https://www.goodchoice.kr/product/detail?ano=71652&adcno=3&sel_date=2023-08-24&sel_date2=2023-08-25,,,//image.goodchoice.kr/images/web_v3/bg_trans.png
경주 더 테라스 호텔,https://www.goodchoice.kr/product/detail?ano=75033&adcno=1&sel_date=2023-08-24&sel_date2=2023-08-25,,,//image.goodchoice.kr/images/web_v3/bg_trans.png
경주 브라운도트-경주보문점,https://www.goodchoice.kr/product/detail?ano=57972&adcno=1&sel_date=2023-08-24&sel_date2=2023-08-25,,,//image.goodchoice.kr/images/web_v3/bg_trans.png
사천 호텔 104,https://www.goodchoice.kr/product/detail?ano=75337&adcno=1&sel_date=2023-08-24&sel_date2=2023-08-25,,,//image.goodchoice.kr/images/web_v3/bg_trans.png
오소한옥스테이 B동,https://www.goodchoice.kr/product/detail?ano=75315&adcno=2&sel_date=2023-08-24&sel_date2=2023-08-25,,,//image.goodchoice.kr/images/web_v3/bg_trans.png
영일대 발렌타인,https://www.goodchoice.kr/product/detail?ano=74221&adcno=1&sel_date=2023-08-24&sel_date2=2023-08-25,,,//image.goodchoice.kr/images/web_v3/bg_trans.png
포항 솔루나호텔,https://www.goodchoice.kr/product/detail?ano=74308&adcno=1&sel_date=2023-08-24&sel_date2=2023-08-25,,,//image.goodchoice.kr/images/web_v3/bg_trans.png
통영 네르하21스파펜션,https://www.goodchoice.kr/product/detail?ano=74133&adcno=3&sel_date=2023-08-24&sel_date2=2023-08-25,,,//image.goodchoice.kr/images/web_v3/bg_trans.png
진주 STRL 호텔,https://www.goodchoice.kr/product/detail?ano=72305&adcno=1&sel_date=2023-08-24&sel_date2=2023-08-25,,,//image.goodchoice.kr/images/web_v3/bg_trans.png
포항 투데이,https://www.goodchoice.kr/product/detail?ano=67149&adcno=1&sel_date=2023-08-24&sel_date2=2023-08-25,,,//image.goodchoice.kr/images/web_v3/bg_trans.png
신라부티크호텔 프리미엄,https://www.goodchoice.kr/product/detail?ano=10794&adcno=2&sel_date=2023-08-24&sel_date2=2023-08-25,,,//image.goodchoice.kr/images/web_v3/bg_trans.png
 바람의언덕 리조트,https://www.goodchoice.kr/product/detail?ano=7069&adcno=2&sel_date=2023-08-24&sel_date2=2023-08-25,,,//image.goodchoice.kr/images/web_v3/bg_trans.png
남해 아워 풀빌라 펜션,https://www.goodchoice.kr/product/detail?ano=74724&adcno=3&sel_date=2023-08-24&sel_date2=2023-08-25,,,//image.goodchoice.kr/images/web_v3/bg_trans.png
경주 봄봄 펜션,https://www.goodchoice.kr/product/detail?ano=75204&adcno=3&sel_date=2023-08-24&sel_date2=2023-08-25,,,//image.goodchoice.kr/images/web_v3/bg_trans.png
경주 엔젤,https://www.goodchoice.kr/product/detail?ano=1176&adcno=1&sel_date=2023-08-24&sel_date2=2023-08-25,,,//image.goodchoice.kr/images/web_v3/bg_trans.png
경주 코모도호텔,https://www.goodchoice.kr/product/detail?ano=7313&adcno=2&sel_date=2023-08-24&sel_date2=2023-08-25,,,//image.goodchoice.kr/images/web_v3/bg_trans.png
경주 세인트32,https://www.goodchoice.kr/product/detail?ano=59107&adcno=3&sel_date=2023-08-24&sel_date2=2023-08-25,,,//image.goodchoice.kr/images/web_v3/bg_trans.png
경주 로즈,https://www.goodchoice.kr/product/detail?ano=401&adcno=1&sel_date=2023-08-24&sel_date2=2023-08-25,,,//image.goodchoice.kr/images/web_v3/bg_trans.png
포항 풀빌라 영일,https://www.goodchoice.kr/product/detail?ano=75270&adcno=3&sel_date=2023-08-24&sel_date2=2023-08-25,,,//image.goodchoice.kr/images/web_v3/bg_trans.png
경주 브라운도트-경주터미널점,https://www.goodchoice.kr/product/detail?ano=4936&adcno=1&sel_date=2023-08-24&sel_date2=2023-08-25,,,//image.goodchoice.kr/images/web_v3/bg_trans.png
경주 한옥호텔 춘추관,https://www.goodchoice.kr/product/detail?ano=58689&adcno=3&sel_date=2023-08-24&sel_date2=2023-08-25,,,//image.goodchoice.kr/images/web_v3/bg_trans.png
경주감성숙소더글램핑풀빌라,https://www.goodchoice.kr/product/detail?ano=75120&adcno=3&sel_date=2023-08-24&sel_date2=2023-08-25,,,//image.goodchoice.kr/images/web_v3/bg_trans.png
장유 AM,https://www.goodchoice.kr/product/detail?ano=4157&adcno=1&sel_date=2023-08-24&sel_date2=2023-08-25,,,//image.goodchoice.kr/images/web_v3/bg_trans.png
창원 브라운도트-중앙점,https://www.goodchoice.kr/product/detail?ano=73505&adcno=1&sel_date=2023-08-24&sel_date2=2023-08-25,,,//image.goodchoice.kr/images/web_v3/bg_trans.png
상남 호텔 티티-HOTEL T.T,https://www.goodchoice.kr/product/detail?ano=74755&adcno=1&sel_date=2023-08-24&sel_date2=2023-08-25,,,//image.goodchoice.kr/images/web_v3/bg_trans.png
경주 라쿠스 호텔,https://www.goodchoice.kr/product/detail?ano=68921&adcno=1&sel_date=2023-08-24&sel_date2=2023-08-25,,,//image.goodchoice.kr/images/web_v3/bg_trans.png
포항 아리아 비지니스호텔,https://www.goodchoice.kr/product/detail?ano=74222&adcno=1&sel_date=2023-08-24&sel_date2=2023-08-25,,,//image.goodchoice.kr/images/web_v3/bg_trans.png
영덕 시포트리조트,https://www.goodchoice.kr/product/detail?ano=65541&adcno=3&sel_date=2023-08-24&sel_date2=2023-08-25,,,//image.goodchoice.kr/images/web_v3/bg_trans.png
경주 리베르풀빌라,https://www.goodchoice.kr/product/detail?ano=63565&adcno=3&sel_date=2023-08-24&sel_date2=2023-08-25,,,//image.goodchoice.kr/images/web_v3/bg_trans.png
남해 스테이가인,https://www.goodchoice.kr/product/detail?ano=72995&adcno=3&sel_date=2023-08-24&sel_date2=2023-08-25,,,//image.goodchoice.kr/images/web_v3/bg_trans.png
양산 저스트슬립호텔-양산터미널점,https://www.goodchoice.kr/product/detail?ano=67956&adcno=1&sel_date=2023-08-24&sel_date2=2023-08-25,,,//image.goodchoice.kr/images/web_v3/bg_trans.png
경주 아이콘,https://www.goodchoice.kr/product/detail?ano=4246&adcno=1&sel_date=2023-08-24&sel_date2=2023-08-25,,,//image.goodchoice.kr/images/web_v3/bg_trans.png
포항 투썸,https://www.goodchoice.kr/product/detail?ano=70246&adcno=1&sel_date=2023-08-24&sel_date2=2023-08-25,,,//image.goodchoice.kr/images/web_v3/bg_trans.png
경주 케이 호텔,https://www.goodchoice.kr/product/detail?ano=72321&adcno=1&sel_date=2023-08-24&sel_date2=2023-08-25,,,//image.goodchoice.kr/images/web_v3/bg_trans.png
거제 선셋 한옥풀빌라&리조트,https://www.goodchoice.kr/product/detail?ano=69929&adcno=3&sel_date=2023-08-24&sel_date2=2023-08-25,,,//image.goodchoice.kr/images/web_v3/bg_trans.png
거제 바다그리고 풀빌라&스파펜션,https://www.goodchoice.kr/product/detail?ano=63596&adcno=3&sel_date=2023-08-24&sel_date2=2023-08-25,,,//image.goodchoice.kr/images/web_v3/bg_trans.png
경주 더스테이 스파펜션,https://www.goodchoice.kr/product/detail?ano=68403&adcno=3&sel_date=2023-08-24&sel_date2=2023-08-25,,,//image.goodchoice.kr/images/web_v3/bg_trans.png
거제 더문풀빌라,https://www.goodchoice.kr/product/detail?ano=74847&adcno=3&sel_date=2023-08-24&sel_date2=2023-08-25,,,//image.goodchoice.kr/images/web_v3/bg_trans.png
프렌치페이퍼풀빌라,https://www.goodchoice.kr/product/detail?ano=73955&adcno=3&sel_date=2023-08-24&sel_date2=2023-08-25,,,//image.goodchoice.kr/images/web_v3/bg_trans.png
거제 라모타풀빌라,https://www.goodchoice.kr/product/detail?ano=67061&adcno=3&sel_date=2023-08-24&sel_date2=2023-08-25,,,//image.goodchoice.kr/images/web_v3/bg_trans.png
사천 스테이빛토 풀빌라&키즈풀빌라,https://www.goodchoice.kr/product/detail?ano=75226&adcno=3&sel_date=2023-08-24&sel_date2=2023-08-25,,,//image.goodchoice.kr/images/web_v3/bg_trans.png
구미 폭스호텔,https://www.goodchoice.kr/product/detail?ano=70142&adcno=1&sel_date=2023-08-24&sel_date2=2023-08-25,,,//image.goodchoice.kr/images/web_v3/bg_trans.png
문경 스테이201 호텔,https://www.goodchoice.kr/product/detail?ano=74197&adcno=1&sel_date=2023-08-24&sel_date2=2023-08-25,,,//image.goodchoice.kr/images/web_v3/bg_trans.png
팔용 호텔 레오,https://www.goodchoice.kr/product/detail?ano=75256&adcno=1&sel_date=2023-08-24&sel_date2=2023-08-25,,,//image.goodchoice.kr/images/web_v3/bg_trans.png
영덕 풀빌라식스,https://www.goodchoice.kr/product/detail?ano=72816&adcno=3&sel_date=2023-08-24&sel_date2=2023-08-25,,,//image.goodchoice.kr/images/web_v3/bg_trans.png
진주 Yam-상평점,https://www.goodchoice.kr/product/detail?ano=75334&adcno=1&sel_date=2023-08-24&sel_date2=2023-08-25,,,//image.goodchoice.kr/images/web_v3/bg_trans.png
거제 공간스테이,https://www.goodchoice.kr/product/detail?ano=73184&adcno=3&sel_date=2023-08-24&sel_date2=2023-08-25,,,//image.goodchoice.kr/images/web_v3/bg_trans.png
거제 더 레지아 풀빌라 ,https://www.goodchoice.kr/product/detail?ano=72624&adcno=3&sel_date=2023-08-24&sel_date2=2023-08-25,,,//image.goodchoice.kr/images/web_v3/bg_trans.png
양산 더 힐링호텔,https://www.goodchoice.kr/product/detail?ano=67537&adcno=1&sel_date=2023-08-24&sel_date2=2023-08-25,,,//image.goodchoice.kr/images/web_v3/bg_trans.png
마산 데이지호텔,https://www.goodchoice.kr/product/detail?ano=68398&adcno=1&sel_date=2023-08-24&sel_date2=2023-08-25,,,//image.goodchoice.kr/images/web_v3/bg_trans.png
포항 이데아호텔,https://www.goodchoice.kr/product/detail?ano=48589&adcno=1&sel_date=2023-08-24&sel_date2=2023-08-25,,,//image.goodchoice.kr/images/web_v3/bg_trans.png
구미 더휴식 오브젝트 아늑호텔,https://www.goodchoice.kr/product/detail?ano=69202&adcno=1&sel_date=2023-08-24&sel_date2=2023-08-25,,,//image.goodchoice.kr/images/web_v3/bg_trans.png
상남 창원 M,https://www.goodchoice.kr/product/detail?ano=71969&adcno=1&sel_date=2023-08-24&sel_date2=2023-08-25,,,//image.goodchoice.kr/images/web_v3/bg_trans.png
켄싱턴리조트 경주,https://www.goodchoice.kr/product/detail?ano=6738&adcno=2&sel_date=2023-08-24&sel_date2=2023-08-25,,,//image.goodchoice.kr/images/web_v3/bg_trans.png
★당일특가★ 경주 코오롱호텔,https://www.goodchoice.kr/product/detail?ano=6822&adcno=2&sel_date=2023-08-24&sel_date2=2023-08-25,,,//image.goodchoice.kr/images/web_v3/bg_trans.png
거제 대산 오션뷰 스파 펜션,https://www.goodchoice.kr/product/detail?ano=72973&adcno=3&sel_date=2023-08-24&sel_date2=2023-08-25,,,//image.goodchoice.kr/images/web_v3/bg_trans.png
로컬054풀빌라펜션,https://www.goodchoice.kr/product/detail?ano=50292&adcno=3&sel_date=2023-08-24&sel_date2=2023-08-25,,,//image.goodchoice.kr/images/web_v3/bg_trans.png
남해 하이맘 키즈 스파 펜션 블랙,https://www.goodchoice.kr/product/detail?ano=74206&adcno=3&sel_date=2023-08-24&sel_date2=2023-08-25,,,//image.goodchoice.kr/images/web_v3/bg_trans.png
포항 호텔 피렌체,https://www.goodchoice.kr/product/detail?ano=75566&adcno=1&sel_date=2023-08-24&sel_date2=2023-08-25,,,//image.goodchoice.kr/images/web_v3/bg_trans.png
포항 G7 HOTEL,https://www.goodchoice.kr/product/detail?ano=45269&adcno=1&sel_date=2023-08-24&sel_date2=2023-08-25,,,//image.goodchoice.kr/images/web_v3/bg_trans.png
라한호텔 포항,https://www.goodchoice.kr/product/detail?ano=7375&adcno=2&sel_date=2023-08-24&sel_date2=2023-08-25,,,//image.goodchoice.kr/images/web_v3/bg_trans.png
경주 나의봄풀빌라펜션,https://www.goodchoice.kr/product/detail?ano=59221&adcno=3&sel_date=2023-08-24&sel_date2=2023-08-25,,,//image.goodchoice.kr/images/web_v3/bg_trans.png
경주 파티오 풀빌라,https://www.goodchoice.kr/product/detail?ano=72066&adcno=3&sel_date=2023-08-24&sel_date2=2023-08-25,,,//image.goodchoice.kr/images/web_v3/bg_trans.png
거제 스테이 새록,https://www.goodchoice.kr/product/detail?ano=74727&adcno=1&sel_date=2023-08-24&sel_date2=2023-08-25,,,//image.goodchoice.kr/images/web_v3/bg_trans.png
