수원역 호텔하루,https://www.goodchoice.kr/product/detail?ano=74655&adcno=1&sel_date=2023-08-24&sel_date2=2023-08-25,광명역 서편 1번 출구 도보 5분,"
109,000원 ",//image.goodchoice.kr/images/web_v3/bg_trans.png
테이크 호텔,https://www.goodchoice.kr/product/detail?ano=69476&adcno=2&sel_date=2023-08-24&sel_date2=2023-08-25,판교역 차량 12분,"
159,000원 ",//image.goodchoice.kr/images/web_v3/bg_trans.png
일산 더휴식 아늑 호텔-탄현점,https://www.goodchoice.kr/product/detail?ano=74777&adcno=1&sel_date=2023-08-24&sel_date2=2023-08-25,경기 성남시 분당구 정자동,"
118,200원 ",//image.goodchoice.kr/images/web_v3/bg_trans.png
가평 스테이고재325리조트,https://www.goodchoice.kr/product/detail?ano=73323&adcno=3&sel_date=2023-08-24&sel_date2=2023-08-25,"경기 수원시 팔달구 매산로2가                    
예약취소가능페이백 50%할인","
99,000원 ",//image.goodchoice.kr/images/web_v3/bg_trans.png
의정부 반월,https://www.goodchoice.kr/product/detail?ano=2067&adcno=1&sel_date=2023-08-24&sel_date2=2023-08-25,경기 용인시 처인구 포곡읍 전대리,"
89,900원 ",//image.goodchoice.kr/images/web_v3/bg_trans.png
의정부 STAGE79,https://www.goodchoice.kr/product/detail?ano=46728&adcno=1&sel_date=2023-08-24&sel_date2=2023-08-25,"경기 안양시 동안구 호계동                    
예약취소가능","
121,200원 ",//image.goodchoice.kr/images/web_v3/bg_trans.png
가평 더상상풀빌라&글램핑,https://www.goodchoice.kr/product/detail?ano=74820&adcno=5&sel_date=2023-08-24&sel_date2=2023-08-25,"경기 의정부시 신곡동                    
혜택존","
100,000원 ",//image.goodchoice.kr/images/web_v3/bg_trans.png
수원역 J호텔-제이호텔,https://www.goodchoice.kr/product/detail?ano=3468&adcno=1&sel_date=2023-08-24&sel_date2=2023-08-25,"경기 시흥시 정왕동                    
예약취소가능","
143,000원 ",//image.goodchoice.kr/images/web_v3/bg_trans.png
구리 호텔 인 카페,https://www.goodchoice.kr/product/detail?ano=57436&adcno=1&sel_date=2023-08-24&sel_date2=2023-08-25,,"
98,000원 ",//image.goodchoice.kr/images/web_v3/bg_trans.png
라마다 바이 윈덤 용인,https://www.goodchoice.kr/product/detail?ano=47787&adcno=2&sel_date=2023-08-24&sel_date2=2023-08-25,,"
79,660원 ",//image.goodchoice.kr/images/web_v3/bg_trans.png
일산 레이크 베이 호스텔,https://www.goodchoice.kr/product/detail?ano=68563&adcno=1&sel_date=2023-08-24&sel_date2=2023-08-25,,,//image.goodchoice.kr/images/web_v3/bg_trans.png
나인트리 프리미어 호텔 서울 판교,https://www.goodchoice.kr/product/detail?ano=67765&adcno=2&sel_date=2023-08-24&sel_date2=2023-08-25,,,//image.goodchoice.kr/images/web_v3/bg_trans.png
거북섬 지뜨호텔,https://www.goodchoice.kr/product/detail?ano=74318&adcno=1&sel_date=2023-08-24&sel_date2=2023-08-25,,,//image.goodchoice.kr/images/web_v3/bg_trans.png
하남 리버파크 호텔,https://www.goodchoice.kr/product/detail?ano=73040&adcno=1&sel_date=2023-08-24&sel_date2=2023-08-25,,,//image.goodchoice.kr/images/web_v3/bg_trans.png
가평 더캠프카라반글램핑,https://www.goodchoice.kr/product/detail?ano=72873&adcno=5&sel_date=2023-08-24&sel_date2=2023-08-25,,,//image.goodchoice.kr/images/web_v3/bg_trans.png
가평 BROOK5(브룩5),https://www.goodchoice.kr/product/detail?ano=65630&adcno=3&sel_date=2023-08-24&sel_date2=2023-08-25,,,//image.goodchoice.kr/images/web_v3/bg_trans.png
르컬렉티브 시흥 웨이브파크,https://www.goodchoice.kr/product/detail?ano=75023&adcno=2&sel_date=2023-08-24&sel_date2=2023-08-25,,,//image.goodchoice.kr/images/web_v3/bg_trans.png
인계동 No.25-수원인계점,https://www.goodchoice.kr/product/detail?ano=66224&adcno=1&sel_date=2023-08-24&sel_date2=2023-08-25,,,//image.goodchoice.kr/images/web_v3/bg_trans.png
더블트리 바이 힐튼 서울 판교 호텔,https://www.goodchoice.kr/product/detail?ano=74073&adcno=2&sel_date=2023-08-24&sel_date2=2023-08-25,,,//image.goodchoice.kr/images/web_v3/bg_trans.png
가평 무지개 독채펜션,https://www.goodchoice.kr/product/detail?ano=73565&adcno=3&sel_date=2023-08-24&sel_date2=2023-08-25,,,//image.goodchoice.kr/images/web_v3/bg_trans.png
의정부 HOTEL BENE,https://www.goodchoice.kr/product/detail?ano=48986&adcno=1&sel_date=2023-08-24&sel_date2=2023-08-25,,,//image.goodchoice.kr/images/web_v3/bg_trans.png
동탄 저스트슬립호텔-동탄역점,https://www.goodchoice.kr/product/detail?ano=70288&adcno=1&sel_date=2023-08-24&sel_date2=2023-08-25,,,//image.goodchoice.kr/images/web_v3/bg_trans.png
환타지콜라보 (구 환타콜라리조트),https://www.goodchoice.kr/product/detail?ano=73482&adcno=3&sel_date=2023-08-24&sel_date2=2023-08-25,,,//image.goodchoice.kr/images/web_v3/bg_trans.png
부천 HOTEL CT,https://www.goodchoice.kr/product/detail?ano=52610&adcno=1&sel_date=2023-08-24&sel_date2=2023-08-25,,,//image.goodchoice.kr/images/web_v3/bg_trans.png
수원역 71번가-71st,https://www.goodchoice.kr/product/detail?ano=4453&adcno=1&sel_date=2023-08-24&sel_date2=2023-08-25,,,//image.goodchoice.kr/images/web_v3/bg_trans.png
일산 Hotel Feel Green,https://www.goodchoice.kr/product/detail?ano=66620&adcno=1&sel_date=2023-08-24&sel_date2=2023-08-25,,,//image.goodchoice.kr/images/web_v3/bg_trans.png
골든튤립 에버용인 호텔,https://www.goodchoice.kr/product/detail?ano=55458&adcno=2&sel_date=2023-08-24&sel_date2=2023-08-25,,,//image.goodchoice.kr/images/web_v3/bg_trans.png
분당 호텔 시월,https://www.goodchoice.kr/product/detail?ano=73629&adcno=1&sel_date=2023-08-24&sel_date2=2023-08-25,,,//image.goodchoice.kr/images/web_v3/bg_trans.png
중동 로잔호텔,https://www.goodchoice.kr/product/detail?ano=5203&adcno=1&sel_date=2023-08-24&sel_date2=2023-08-25,,,//image.goodchoice.kr/images/web_v3/bg_trans.png
동탄 3S 부티크-Boutique,https://www.goodchoice.kr/product/detail?ano=3164&adcno=1&sel_date=2023-08-24&sel_date2=2023-08-25,,,//image.goodchoice.kr/images/web_v3/bg_trans.png
용인 IMT,https://www.goodchoice.kr/product/detail?ano=12546&adcno=1&sel_date=2023-08-24&sel_date2=2023-08-25,,,//image.goodchoice.kr/images/web_v3/bg_trans.png
라마다 앙코르 바이 윈덤 김포 한강,https://www.goodchoice.kr/product/detail?ano=58125&adcno=2&sel_date=2023-08-24&sel_date2=2023-08-25,,,//image.goodchoice.kr/images/web_v3/bg_trans.png
소노캄 고양,https://www.goodchoice.kr/product/detail?ano=6574&adcno=2&sel_date=2023-08-24&sel_date2=2023-08-25,,,//image.goodchoice.kr/images/web_v3/bg_trans.png
가평 프라도 스파펜션,https://www.goodchoice.kr/product/detail?ano=73790&adcno=3&sel_date=2023-08-24&sel_date2=2023-08-25,,,//image.goodchoice.kr/images/web_v3/bg_trans.png
가평 오버더마운틴,https://www.goodchoice.kr/product/detail?ano=65546&adcno=3&sel_date=2023-08-24&sel_date2=2023-08-25,,,//image.goodchoice.kr/images/web_v3/bg_trans.png
가평 스페이스드림 온수수영장 스파펜션,https://www.goodchoice.kr/product/detail?ano=69700&adcno=3&sel_date=2023-08-24&sel_date2=2023-08-25,,,//image.goodchoice.kr/images/web_v3/bg_trans.png
수원역 하운드호텔,https://www.goodchoice.kr/product/detail?ano=170&adcno=1&sel_date=2023-08-24&sel_date2=2023-08-25,,,//image.goodchoice.kr/images/web_v3/bg_trans.png
구리 더휴식 아늑,https://www.goodchoice.kr/product/detail?ano=72629&adcno=1&sel_date=2023-08-24&sel_date2=2023-08-25,,,//image.goodchoice.kr/images/web_v3/bg_trans.png
시흥 브라운도트-거북섬점,https://www.goodchoice.kr/product/detail?ano=72299&adcno=1&sel_date=2023-08-24&sel_date2=2023-08-25,,,//image.goodchoice.kr/images/web_v3/bg_trans.png
호텔 마리나베이 서울 아라,https://www.goodchoice.kr/product/detail?ano=75303&adcno=2&sel_date=2023-08-24&sel_date2=2023-08-25,,,//image.goodchoice.kr/images/web_v3/bg_trans.png
성남 HOTEL 월-모란역점,https://www.goodchoice.kr/product/detail?ano=152&adcno=1&sel_date=2023-08-24&sel_date2=2023-08-25,,,//image.goodchoice.kr/images/web_v3/bg_trans.png
고양 스테이 월 호텔,https://www.goodchoice.kr/product/detail?ano=62184&adcno=1&sel_date=2023-08-24&sel_date2=2023-08-25,,,//image.goodchoice.kr/images/web_v3/bg_trans.png
구리 더휴식 크로와상 호텔,https://www.goodchoice.kr/product/detail?ano=56291&adcno=1&sel_date=2023-08-24&sel_date2=2023-08-25,,,//image.goodchoice.kr/images/web_v3/bg_trans.png
의정부 케일라호텔,https://www.goodchoice.kr/product/detail?ano=49868&adcno=1&sel_date=2023-08-24&sel_date2=2023-08-25,,,//image.goodchoice.kr/images/web_v3/bg_trans.png
하남 블루힐 호텔,https://www.goodchoice.kr/product/detail?ano=73041&adcno=1&sel_date=2023-08-24&sel_date2=2023-08-25,,,//image.goodchoice.kr/images/web_v3/bg_trans.png
HOTEL 여기어때 - 범계,https://www.goodchoice.kr/product/detail?ano=62642&adcno=1&sel_date=2023-08-24&sel_date2=2023-08-25,,,//image.goodchoice.kr/images/web_v3/bg_trans.png
하남 호텔 트레비엔,https://www.goodchoice.kr/product/detail?ano=56215&adcno=1&sel_date=2023-08-24&sel_date2=2023-08-25,,,//image.goodchoice.kr/images/web_v3/bg_trans.png
부천 MS,https://www.goodchoice.kr/product/detail?ano=2540&adcno=1&sel_date=2023-08-24&sel_date2=2023-08-25,,,//image.goodchoice.kr/images/web_v3/bg_trans.png
김포 웨스트나인,https://www.goodchoice.kr/product/detail?ano=67349&adcno=1&sel_date=2023-08-24&sel_date2=2023-08-25,,,//image.goodchoice.kr/images/web_v3/bg_trans.png
김포 호텔 엠타워,https://www.goodchoice.kr/product/detail?ano=65832&adcno=1&sel_date=2023-08-24&sel_date2=2023-08-25,,,//image.goodchoice.kr/images/web_v3/bg_trans.png
김포 호텔 캘리포니아,https://www.goodchoice.kr/product/detail?ano=66992&adcno=1&sel_date=2023-08-24&sel_date2=2023-08-25,,,//image.goodchoice.kr/images/web_v3/bg_trans.png
의정부 글로우,https://www.goodchoice.kr/product/detail?ano=62243&adcno=1&sel_date=2023-08-24&sel_date2=2023-08-25,,,//image.goodchoice.kr/images/web_v3/bg_trans.png
가평 그라체,https://www.goodchoice.kr/product/detail?ano=75192&adcno=1&sel_date=2023-08-24&sel_date2=2023-08-25,,,//image.goodchoice.kr/images/web_v3/bg_trans.png
가평 슈가펜션,https://www.goodchoice.kr/product/detail?ano=58123&adcno=3&sel_date=2023-08-24&sel_date2=2023-08-25,,,//image.goodchoice.kr/images/web_v3/bg_trans.png
가평 필 리조트 펜션,https://www.goodchoice.kr/product/detail?ano=74941&adcno=3&sel_date=2023-08-24&sel_date2=2023-08-25,,,//image.goodchoice.kr/images/web_v3/bg_trans.png
가평 호랑이캠핑,https://www.goodchoice.kr/product/detail?ano=72175&adcno=5&sel_date=2023-08-24&sel_date2=2023-08-25,,,//image.goodchoice.kr/images/web_v3/bg_trans.png
가평 풀빌라&글램핑랜드,https://www.goodchoice.kr/product/detail?ano=62421&adcno=3&sel_date=2023-08-24&sel_date2=2023-08-25,,,//image.goodchoice.kr/images/web_v3/bg_trans.png
용인 HOTEL VOLE,https://www.goodchoice.kr/product/detail?ano=57286&adcno=1&sel_date=2023-08-24&sel_date2=2023-08-25,,,//image.goodchoice.kr/images/web_v3/bg_trans.png
부천 포스타호텔,https://www.goodchoice.kr/product/detail?ano=71885&adcno=1&sel_date=2023-08-24&sel_date2=2023-08-25,,,//image.goodchoice.kr/images/web_v3/bg_trans.png
성남 앙띠브,https://www.goodchoice.kr/product/detail?ano=74987&adcno=1&sel_date=2023-08-24&sel_date2=2023-08-25,,,//image.goodchoice.kr/images/web_v3/bg_trans.png
분당 호텔 블리스,https://www.goodchoice.kr/product/detail?ano=5680&adcno=1&sel_date=2023-08-24&sel_date2=2023-08-25,,,//image.goodchoice.kr/images/web_v3/bg_trans.png
용인 문라이즈,https://www.goodchoice.kr/product/detail?ano=66798&adcno=1&sel_date=2023-08-24&sel_date2=2023-08-25,,,//image.goodchoice.kr/images/web_v3/bg_trans.png
구운동 파티즈 - 구 메이트,https://www.goodchoice.kr/product/detail?ano=63410&adcno=1&sel_date=2023-08-24&sel_date2=2023-08-25,,,//image.goodchoice.kr/images/web_v3/bg_trans.png
평택 호텔 YAJA-평택역점,https://www.goodchoice.kr/product/detail?ano=75142&adcno=1&sel_date=2023-08-24&sel_date2=2023-08-25,,,//image.goodchoice.kr/images/web_v3/bg_trans.png
의정부 라트리,https://www.goodchoice.kr/product/detail?ano=2088&adcno=1&sel_date=2023-08-24&sel_date2=2023-08-25,,,//image.goodchoice.kr/images/web_v3/bg_trans.png
동탄 3S 호텔-동탄점,https://www.goodchoice.kr/product/detail?ano=3163&adcno=1&sel_date=2023-08-24&sel_date2=2023-08-25,,,//image.goodchoice.kr/images/web_v3/bg_trans.png
남양주 No.25 - 별내점,https://www.goodchoice.kr/product/detail?ano=62724&adcno=1&sel_date=2023-08-24&sel_date2=2023-08-25,,,//image.goodchoice.kr/images/web_v3/bg_trans.png
파주 마리,https://www.goodchoice.kr/product/detail?ano=64698&adcno=1&sel_date=2023-08-24&sel_date2=2023-08-25,,,//image.goodchoice.kr/images/web_v3/bg_trans.png
인계동 리치-RICH,https://www.goodchoice.kr/product/detail?ano=5917&adcno=1&sel_date=2023-08-24&sel_date2=2023-08-25,,,//image.goodchoice.kr/images/web_v3/bg_trans.png
인덕원 체스 호텔,https://www.goodchoice.kr/product/detail?ano=67881&adcno=1&sel_date=2023-08-24&sel_date2=2023-08-25,,,//image.goodchoice.kr/images/web_v3/bg_trans.png
인계동 호텔 꿀,https://www.goodchoice.kr/product/detail?ano=64415&adcno=1&sel_date=2023-08-24&sel_date2=2023-08-25,,,//image.goodchoice.kr/images/web_v3/bg_trans.png
동두천 호텔 영웅,https://www.goodchoice.kr/product/detail?ano=71288&adcno=1&sel_date=2023-08-24&sel_date2=2023-08-25,,,//image.goodchoice.kr/images/web_v3/bg_trans.png
일산 퀸타운 호텔,https://www.goodchoice.kr/product/detail?ano=63836&adcno=1&sel_date=2023-08-24&sel_date2=2023-08-25,,,//image.goodchoice.kr/images/web_v3/bg_trans.png
의왕 마요트 호텔,https://www.goodchoice.kr/product/detail?ano=73726&adcno=1&sel_date=2023-08-24&sel_date2=2023-08-25,,,//image.goodchoice.kr/images/web_v3/bg_trans.png
인계동 DS hotel,https://www.goodchoice.kr/product/detail?ano=11915&adcno=1&sel_date=2023-08-24&sel_date2=2023-08-25,,,//image.goodchoice.kr/images/web_v3/bg_trans.png
가평 미유 풀빌라 앤 스파펜션,https://www.goodchoice.kr/product/detail?ano=70648&adcno=3&sel_date=2023-08-24&sel_date2=2023-08-25,,,//image.goodchoice.kr/images/web_v3/bg_trans.png
하남 호텔 아크모스,https://www.goodchoice.kr/product/detail?ano=57674&adcno=1&sel_date=2023-08-24&sel_date2=2023-08-25,,,//image.goodchoice.kr/images/web_v3/bg_trans.png
신라스테이 동탄,https://www.goodchoice.kr/product/detail?ano=6877&adcno=2&sel_date=2023-08-24&sel_date2=2023-08-25,,,//image.goodchoice.kr/images/web_v3/bg_trans.png
평택 더비전,https://www.goodchoice.kr/product/detail?ano=71422&adcno=1&sel_date=2023-08-24&sel_date2=2023-08-25,,,//image.goodchoice.kr/images/web_v3/bg_trans.png
가평 NO.9 넘버나인 펜션,https://www.goodchoice.kr/product/detail?ano=74819&adcno=3&sel_date=2023-08-24&sel_date2=2023-08-25,,,//image.goodchoice.kr/images/web_v3/bg_trans.png
가평 샤이니리버 풀빌라 스파 펜션,https://www.goodchoice.kr/product/detail?ano=72569&adcno=3&sel_date=2023-08-24&sel_date2=2023-08-25,,,//image.goodchoice.kr/images/web_v3/bg_trans.png
가평 무지개 애견동반펜션,https://www.goodchoice.kr/product/detail?ano=75450&adcno=3&sel_date=2023-08-24&sel_date2=2023-08-25,,,//image.goodchoice.kr/images/web_v3/bg_trans.png
정왕 세븐헤르츠,https://www.goodchoice.kr/product/detail?ano=4691&adcno=1&sel_date=2023-08-24&sel_date2=2023-08-25,,,//image.goodchoice.kr/images/web_v3/bg_trans.png
성남 Hotel Joy-모란역점,https://www.goodchoice.kr/product/detail?ano=5466&adcno=1&sel_date=2023-08-24&sel_date2=2023-08-25,,,//image.goodchoice.kr/images/web_v3/bg_trans.png
야탑 호텔 브리즈,https://www.goodchoice.kr/product/detail?ano=67489&adcno=1&sel_date=2023-08-24&sel_date2=2023-08-25,,,//image.goodchoice.kr/images/web_v3/bg_trans.png
의정부 HOTEL U,https://www.goodchoice.kr/product/detail?ano=51941&adcno=1&sel_date=2023-08-24&sel_date2=2023-08-25,,,//image.goodchoice.kr/images/web_v3/bg_trans.png
김포 아뮤즈,https://www.goodchoice.kr/product/detail?ano=69757&adcno=1&sel_date=2023-08-24&sel_date2=2023-08-25,,,//image.goodchoice.kr/images/web_v3/bg_trans.png
용인 호텔 이쁘다 쁘띠,https://www.goodchoice.kr/product/detail?ano=74770&adcno=1&sel_date=2023-08-24&sel_date2=2023-08-25,,,//image.goodchoice.kr/images/web_v3/bg_trans.png
수원역 디자인 호텔 칸,https://www.goodchoice.kr/product/detail?ano=48127&adcno=1&sel_date=2023-08-24&sel_date2=2023-08-25,,,//image.goodchoice.kr/images/web_v3/bg_trans.png
영통 호텔 1가-家,https://www.goodchoice.kr/product/detail?ano=1382&adcno=1&sel_date=2023-08-24&sel_date2=2023-08-25,,,//image.goodchoice.kr/images/web_v3/bg_trans.png
분당 노블레스,https://www.goodchoice.kr/product/detail?ano=55940&adcno=1&sel_date=2023-08-24&sel_date2=2023-08-25,,,//image.goodchoice.kr/images/web_v3/bg_trans.png
의정부 오레,https://www.goodchoice.kr/product/detail?ano=49312&adcno=1&sel_date=2023-08-24&sel_date2=2023-08-25,,,//image.goodchoice.kr/images/web_v3/bg_trans.png
정왕 W,https://www.goodchoice.kr/product/detail?ano=72079&adcno=1&sel_date=2023-08-24&sel_date2=2023-08-25,,,//image.goodchoice.kr/images/web_v3/bg_trans.png
가평 호텔-HOTEL,https://www.goodchoice.kr/product/detail?ano=74838&adcno=1&sel_date=2023-08-24&sel_date2=2023-08-25,,,//image.goodchoice.kr/images/web_v3/bg_trans.png
가평 두밀두밀 독채 풀빌라,https://www.goodchoice.kr/product/detail?ano=69793&adcno=3&sel_date=2023-08-24&sel_date2=2023-08-25,,,//image.goodchoice.kr/images/web_v3/bg_trans.png
가평 하늘 애견 가족 독채 힐링 펜션,https://www.goodchoice.kr/product/detail?ano=75538&adcno=3&sel_date=2023-08-24&sel_date2=2023-08-25,,,//image.goodchoice.kr/images/web_v3/bg_trans.png
용인 리젠드,https://www.goodchoice.kr/product/detail?ano=269&adcno=1&sel_date=2023-08-24&sel_date2=2023-08-25,,,//image.goodchoice.kr/images/web_v3/bg_trans.png
안산 더클래스 호텔,https://www.goodchoice.kr/product/detail?ano=56812&adcno=1&sel_date=2023-08-24&sel_date2=2023-08-25,,,//image.goodchoice.kr/images/web_v3/bg_trans.png
일산 BS호텔,https://www.goodchoice.kr/product/detail?ano=5052&adcno=1&sel_date=2023-08-24&sel_date2=2023-08-25,,,//image.goodchoice.kr/images/web_v3/bg_trans.png
인계동 호텔 퍼시픽37,https://www.goodchoice.kr/product/detail?ano=67076&adcno=1&sel_date=2023-08-24&sel_date2=2023-08-25,,,//image.goodchoice.kr/images/web_v3/bg_trans.png
