센티마르펜션 글램핑,https://www.goodchoice.kr/product/detail?ano=70730&adcno=3&sel_date=2023-08-24&sel_date2=2023-08-25,충남 천안시 서북구 성정동,"
383,800원 ",//image.goodchoice.kr/images/web_v3/bg_trans.png
토모노야 호텔&료칸 대천,https://www.goodchoice.kr/product/detail?ano=68565&adcno=2&sel_date=2023-08-24&sel_date2=2023-08-25,대천해수욕장 앞,"
75,000원 ",//image.goodchoice.kr/images/web_v3/bg_trans.png
태안 바다풍경카라반글램핑,https://www.goodchoice.kr/product/detail?ano=70028&adcno=5&sel_date=2023-08-24&sel_date2=2023-08-25,"충북 청주시 청원구 우암동                    
예약취소가능, 혜택존","
230,000원 ",//image.goodchoice.kr/images/web_v3/bg_trans.png
소노문 단양,https://www.goodchoice.kr/product/detail?ano=6601&adcno=2&sel_date=2023-08-24&sel_date2=2023-08-25,"충남 천안시 서북구 성정동                    
예약취소가능","
145,000원 ",//image.goodchoice.kr/images/web_v3/bg_trans.png
천안 호텔리움,https://www.goodchoice.kr/product/detail?ano=69222&adcno=1&sel_date=2023-08-24&sel_date2=2023-08-25,충남 태안군 남면 신온리,"
110,000원 ",//image.goodchoice.kr/images/web_v3/bg_trans.png
태안 말리스파펜션,https://www.goodchoice.kr/product/detail?ano=72875&adcno=3&sel_date=2023-08-24&sel_date2=2023-08-25,"충남 천안시 동남구 신부동                    
예약취소가능","
99,000원 ",//image.goodchoice.kr/images/web_v3/bg_trans.png
쏠레르 호텔,https://www.goodchoice.kr/product/detail?ano=75022&adcno=2&sel_date=2023-08-24&sel_date2=2023-08-25,,"
63,000원 ",//image.goodchoice.kr/images/web_v3/bg_trans.png
태안 골든비치펜션,https://www.goodchoice.kr/product/detail?ano=74278&adcno=3&sel_date=2023-08-24&sel_date2=2023-08-25,,"
253,000원 ",//image.goodchoice.kr/images/web_v3/bg_trans.png
청주 호텔인모던-청주터미널점,https://www.goodchoice.kr/product/detail?ano=66768&adcno=1&sel_date=2023-08-24&sel_date2=2023-08-25,,"
130,000원 ",//image.goodchoice.kr/images/web_v3/bg_trans.png
청주 호텔인카페 터미널점,https://www.goodchoice.kr/product/detail?ano=60288&adcno=1&sel_date=2023-08-24&sel_date2=2023-08-25,,"
100,000원 ",//image.goodchoice.kr/images/web_v3/bg_trans.png
청포대썬셋카라반,https://www.goodchoice.kr/product/detail?ano=74575&adcno=5&sel_date=2023-08-24&sel_date2=2023-08-25,,"
69,000원 ",//image.goodchoice.kr/images/web_v3/bg_trans.png
모켄풀빌라,https://www.goodchoice.kr/product/detail?ano=74606&adcno=3&sel_date=2023-08-24&sel_date2=2023-08-25,,"
160,000원 ",//image.goodchoice.kr/images/web_v3/bg_trans.png
태안 안면도 블루아일랜드 스파 풀빌라 펜션,https://www.goodchoice.kr/product/detail?ano=70092&adcno=3&sel_date=2023-08-24&sel_date2=2023-08-25,,"
80,100원 ",//image.goodchoice.kr/images/web_v3/bg_trans.png
천안 CS프라자 호텔,https://www.goodchoice.kr/product/detail?ano=3582&adcno=1&sel_date=2023-08-24&sel_date2=2023-08-25,,"
85,000원 ",//image.goodchoice.kr/images/web_v3/bg_trans.png
일라이트 호텔,https://www.goodchoice.kr/product/detail?ano=75342&adcno=2&sel_date=2023-08-24&sel_date2=2023-08-25,,,//image.goodchoice.kr/images/web_v3/bg_trans.png
★당일특가★ 제이원 호텔,https://www.goodchoice.kr/product/detail?ano=66016&adcno=2&sel_date=2023-08-24&sel_date2=2023-08-25,,,//image.goodchoice.kr/images/web_v3/bg_trans.png
청주 저스트스테이호텔-충북대점,https://www.goodchoice.kr/product/detail?ano=64842&adcno=1&sel_date=2023-08-24&sel_date2=2023-08-25,,,//image.goodchoice.kr/images/web_v3/bg_trans.png
청주 호텔 아담한,https://www.goodchoice.kr/product/detail?ano=71236&adcno=1&sel_date=2023-08-24&sel_date2=2023-08-25,,,//image.goodchoice.kr/images/web_v3/bg_trans.png
천안 더휴식 아늑호텔 천안역 2호점,https://www.goodchoice.kr/product/detail?ano=73706&adcno=1&sel_date=2023-08-24&sel_date2=2023-08-25,,,//image.goodchoice.kr/images/web_v3/bg_trans.png
천안 호텔 빛날 빈-彬,https://www.goodchoice.kr/product/detail?ano=72614&adcno=1&sel_date=2023-08-24&sel_date2=2023-08-25,,,//image.goodchoice.kr/images/web_v3/bg_trans.png
청주 더휴식 아늑호텔 우암 2호점,https://www.goodchoice.kr/product/detail?ano=73183&adcno=1&sel_date=2023-08-24&sel_date2=2023-08-25,,,//image.goodchoice.kr/images/web_v3/bg_trans.png
청주 NU 이틀 HOTEL,https://www.goodchoice.kr/product/detail?ano=66723&adcno=1&sel_date=2023-08-24&sel_date2=2023-08-25,,,//image.goodchoice.kr/images/web_v3/bg_trans.png
천안 더휴식 아늑호텔 천안역 1호점,https://www.goodchoice.kr/product/detail?ano=72314&adcno=1&sel_date=2023-08-24&sel_date2=2023-08-25,,,//image.goodchoice.kr/images/web_v3/bg_trans.png
홍성 벨리노호텔,https://www.goodchoice.kr/product/detail?ano=75186&adcno=1&sel_date=2023-08-24&sel_date2=2023-08-25,,,//image.goodchoice.kr/images/web_v3/bg_trans.png
오송 스테이 hotel,https://www.goodchoice.kr/product/detail?ano=71640&adcno=1&sel_date=2023-08-24&sel_date2=2023-08-25,,,//image.goodchoice.kr/images/web_v3/bg_trans.png
태안 썬스톤풀빌라,https://www.goodchoice.kr/product/detail?ano=73054&adcno=3&sel_date=2023-08-24&sel_date2=2023-08-25,,,//image.goodchoice.kr/images/web_v3/bg_trans.png
보령 E호텔,https://www.goodchoice.kr/product/detail?ano=46758&adcno=1&sel_date=2023-08-24&sel_date2=2023-08-25,,,//image.goodchoice.kr/images/web_v3/bg_trans.png
천안 이끌림 아비숑 별관,https://www.goodchoice.kr/product/detail?ano=68131&adcno=1&sel_date=2023-08-24&sel_date2=2023-08-25,,,//image.goodchoice.kr/images/web_v3/bg_trans.png
천안 호텔 월,https://www.goodchoice.kr/product/detail?ano=55827&adcno=1&sel_date=2023-08-24&sel_date2=2023-08-25,,,//image.goodchoice.kr/images/web_v3/bg_trans.png
[반짝특가] 신라스테이 천안,https://www.goodchoice.kr/product/detail?ano=7496&adcno=2&sel_date=2023-08-24&sel_date2=2023-08-25,,,//image.goodchoice.kr/images/web_v3/bg_trans.png
청주 자&야 Hotel,https://www.goodchoice.kr/product/detail?ano=60031&adcno=1&sel_date=2023-08-24&sel_date2=2023-08-25,,,//image.goodchoice.kr/images/web_v3/bg_trans.png
천안 아늑호텔 성정점,https://www.goodchoice.kr/product/detail?ano=1288&adcno=1&sel_date=2023-08-24&sel_date2=2023-08-25,,,//image.goodchoice.kr/images/web_v3/bg_trans.png
천안 NU HOTEL,https://www.goodchoice.kr/product/detail?ano=67001&adcno=1&sel_date=2023-08-24&sel_date2=2023-08-25,,,//image.goodchoice.kr/images/web_v3/bg_trans.png
메리머드 호텔,https://www.goodchoice.kr/product/detail?ano=56198&adcno=2&sel_date=2023-08-24&sel_date2=2023-08-25,,,//image.goodchoice.kr/images/web_v3/bg_trans.png
천안 제이탑호텔,https://www.goodchoice.kr/product/detail?ano=5648&adcno=1&sel_date=2023-08-24&sel_date2=2023-08-25,,,//image.goodchoice.kr/images/web_v3/bg_trans.png
공주 모텔 산,https://www.goodchoice.kr/product/detail?ano=75287&adcno=1&sel_date=2023-08-24&sel_date2=2023-08-25,,,//image.goodchoice.kr/images/web_v3/bg_trans.png
청주 YAJA-서문로점,https://www.goodchoice.kr/product/detail?ano=69964&adcno=1&sel_date=2023-08-24&sel_date2=2023-08-25,,,//image.goodchoice.kr/images/web_v3/bg_trans.png
태안 청포대 수펜션,https://www.goodchoice.kr/product/detail?ano=74349&adcno=3&sel_date=2023-08-24&sel_date2=2023-08-25,,,//image.goodchoice.kr/images/web_v3/bg_trans.png
태안 공간487,https://www.goodchoice.kr/product/detail?ano=75559&adcno=3&sel_date=2023-08-24&sel_date2=2023-08-25,,,//image.goodchoice.kr/images/web_v3/bg_trans.png
청주 벨리노호텔,https://www.goodchoice.kr/product/detail?ano=59153&adcno=1&sel_date=2023-08-24&sel_date2=2023-08-25,,,//image.goodchoice.kr/images/web_v3/bg_trans.png
청주 브라운도트&알마 B&A-터미널점,https://www.goodchoice.kr/product/detail?ano=5902&adcno=1&sel_date=2023-08-24&sel_date2=2023-08-25,,,//image.goodchoice.kr/images/web_v3/bg_trans.png
청주 리바쥬 호텔,https://www.goodchoice.kr/product/detail?ano=67845&adcno=1&sel_date=2023-08-24&sel_date2=2023-08-25,,,//image.goodchoice.kr/images/web_v3/bg_trans.png
안면도 달이머무는바다 펜션,https://www.goodchoice.kr/product/detail?ano=67824&adcno=3&sel_date=2023-08-24&sel_date2=2023-08-25,,,//image.goodchoice.kr/images/web_v3/bg_trans.png
천안 저스트슬립호텔-천안두정점,https://www.goodchoice.kr/product/detail?ano=65524&adcno=1&sel_date=2023-08-24&sel_date2=2023-08-25,,,//image.goodchoice.kr/images/web_v3/bg_trans.png
천안 호텔 아리아,https://www.goodchoice.kr/product/detail?ano=71941&adcno=1&sel_date=2023-08-24&sel_date2=2023-08-25,,,//image.goodchoice.kr/images/web_v3/bg_trans.png
천안 벨리노,https://www.goodchoice.kr/product/detail?ano=4432&adcno=1&sel_date=2023-08-24&sel_date2=2023-08-25,,,//image.goodchoice.kr/images/web_v3/bg_trans.png
천안 브라운도트-천안터미널점,https://www.goodchoice.kr/product/detail?ano=1039&adcno=1&sel_date=2023-08-24&sel_date2=2023-08-25,,,//image.goodchoice.kr/images/web_v3/bg_trans.png
천안 어반스테이,https://www.goodchoice.kr/product/detail?ano=46285&adcno=1&sel_date=2023-08-24&sel_date2=2023-08-25,,,//image.goodchoice.kr/images/web_v3/bg_trans.png
청주 로지호텔-ROSY,https://www.goodchoice.kr/product/detail?ano=55220&adcno=1&sel_date=2023-08-24&sel_date2=2023-08-25,,,//image.goodchoice.kr/images/web_v3/bg_trans.png
데이나이스호텔 대천,https://www.goodchoice.kr/product/detail?ano=56043&adcno=2&sel_date=2023-08-24&sel_date2=2023-08-25,,,//image.goodchoice.kr/images/web_v3/bg_trans.png
솔라고 리조트,https://www.goodchoice.kr/product/detail?ano=71581&adcno=2&sel_date=2023-08-24&sel_date2=2023-08-25,,,//image.goodchoice.kr/images/web_v3/bg_trans.png
쌍용동 카페호텔,https://www.goodchoice.kr/product/detail?ano=1045&adcno=1&sel_date=2023-08-24&sel_date2=2023-08-25,,,//image.goodchoice.kr/images/web_v3/bg_trans.png
청주 하바나,https://www.goodchoice.kr/product/detail?ano=69155&adcno=1&sel_date=2023-08-24&sel_date2=2023-08-25,,,//image.goodchoice.kr/images/web_v3/bg_trans.png
청주 호텔 누리다,https://www.goodchoice.kr/product/detail?ano=69883&adcno=1&sel_date=2023-08-24&sel_date2=2023-08-25,,,//image.goodchoice.kr/images/web_v3/bg_trans.png
천안 NO.25 천안역점,https://www.goodchoice.kr/product/detail?ano=58262&adcno=1&sel_date=2023-08-24&sel_date2=2023-08-25,,,//image.goodchoice.kr/images/web_v3/bg_trans.png
"대천 soo,m 펜션",https://www.goodchoice.kr/product/detail?ano=55022&adcno=3&sel_date=2023-08-24&sel_date2=2023-08-25,,,//image.goodchoice.kr/images/web_v3/bg_trans.png
풍경펜션,https://www.goodchoice.kr/product/detail?ano=73208&adcno=3&sel_date=2023-08-24&sel_date2=2023-08-25,,,//image.goodchoice.kr/images/web_v3/bg_trans.png
쌍용동 호텔 하트,https://www.goodchoice.kr/product/detail?ano=1907&adcno=1&sel_date=2023-08-24&sel_date2=2023-08-25,,,//image.goodchoice.kr/images/web_v3/bg_trans.png
천안 저스트슬립호텔-천안불당점,https://www.goodchoice.kr/product/detail?ano=51994&adcno=1&sel_date=2023-08-24&sel_date2=2023-08-25,,,//image.goodchoice.kr/images/web_v3/bg_trans.png
천안 호텔 하운드,https://www.goodchoice.kr/product/detail?ano=3235&adcno=1&sel_date=2023-08-24&sel_date2=2023-08-25,,,//image.goodchoice.kr/images/web_v3/bg_trans.png
천안 뷰-신부동,https://www.goodchoice.kr/product/detail?ano=68447&adcno=1&sel_date=2023-08-24&sel_date2=2023-08-25,,,//image.goodchoice.kr/images/web_v3/bg_trans.png
청주 위드스테이,https://www.goodchoice.kr/product/detail?ano=69409&adcno=1&sel_date=2023-08-24&sel_date2=2023-08-25,,,//image.goodchoice.kr/images/web_v3/bg_trans.png
충주 스테이션로지 호텔-충주,https://www.goodchoice.kr/product/detail?ano=72313&adcno=1&sel_date=2023-08-24&sel_date2=2023-08-25,,,//image.goodchoice.kr/images/web_v3/bg_trans.png
아산 포유무인텔,https://www.goodchoice.kr/product/detail?ano=75032&adcno=1&sel_date=2023-08-24&sel_date2=2023-08-25,,,//image.goodchoice.kr/images/web_v3/bg_trans.png
태안 빨간풍선펜션,https://www.goodchoice.kr/product/detail?ano=72665&adcno=3&sel_date=2023-08-24&sel_date2=2023-08-25,,,//image.goodchoice.kr/images/web_v3/bg_trans.png
풀빌라 바다린,https://www.goodchoice.kr/product/detail?ano=75135&adcno=3&sel_date=2023-08-24&sel_date2=2023-08-25,,,//image.goodchoice.kr/images/web_v3/bg_trans.png
천안 브라운도트,https://www.goodchoice.kr/product/detail?ano=4838&adcno=1&sel_date=2023-08-24&sel_date2=2023-08-25,,,//image.goodchoice.kr/images/web_v3/bg_trans.png
천안 호텔 파르페,https://www.goodchoice.kr/product/detail?ano=51908&adcno=1&sel_date=2023-08-24&sel_date2=2023-08-25,,,//image.goodchoice.kr/images/web_v3/bg_trans.png
클럽이에스 제천리조트,https://www.goodchoice.kr/product/detail?ano=70594&adcno=2&sel_date=2023-08-24&sel_date2=2023-08-25,,,//image.goodchoice.kr/images/web_v3/bg_trans.png
음성 호텔루엠,https://www.goodchoice.kr/product/detail?ano=71782&adcno=1&sel_date=2023-08-24&sel_date2=2023-08-25,,,//image.goodchoice.kr/images/web_v3/bg_trans.png
아산 호텔 라그라스,https://www.goodchoice.kr/product/detail?ano=71448&adcno=1&sel_date=2023-08-24&sel_date2=2023-08-25,,,//image.goodchoice.kr/images/web_v3/bg_trans.png
태안 아리바다펜션,https://www.goodchoice.kr/product/detail?ano=60794&adcno=3&sel_date=2023-08-24&sel_date2=2023-08-25,,,//image.goodchoice.kr/images/web_v3/bg_trans.png
태안 연포해변앞 펜션,https://www.goodchoice.kr/product/detail?ano=74667&adcno=3&sel_date=2023-08-24&sel_date2=2023-08-25,,,//image.goodchoice.kr/images/web_v3/bg_trans.png
단양 오무아무아,https://www.goodchoice.kr/product/detail?ano=74794&adcno=3&sel_date=2023-08-24&sel_date2=2023-08-25,,,//image.goodchoice.kr/images/web_v3/bg_trans.png
천안 브라운도트-쌍용,https://www.goodchoice.kr/product/detail?ano=3581&adcno=1&sel_date=2023-08-24&sel_date2=2023-08-25,,,//image.goodchoice.kr/images/web_v3/bg_trans.png
청주 더 반트,https://www.goodchoice.kr/product/detail?ano=3654&adcno=1&sel_date=2023-08-24&sel_date2=2023-08-25,,,//image.goodchoice.kr/images/web_v3/bg_trans.png
천안 웨스턴호텔,https://www.goodchoice.kr/product/detail?ano=4977&adcno=1&sel_date=2023-08-24&sel_date2=2023-08-25,,,//image.goodchoice.kr/images/web_v3/bg_trans.png
천안 어반트,https://www.goodchoice.kr/product/detail?ano=48363&adcno=1&sel_date=2023-08-24&sel_date2=2023-08-25,,,//image.goodchoice.kr/images/web_v3/bg_trans.png
천안 호텔 월 청수점,https://www.goodchoice.kr/product/detail?ano=70520&adcno=1&sel_date=2023-08-24&sel_date2=2023-08-25,,,//image.goodchoice.kr/images/web_v3/bg_trans.png
청주 STAY HOTEL,https://www.goodchoice.kr/product/detail?ano=67431&adcno=1&sel_date=2023-08-24&sel_date2=2023-08-25,,,//image.goodchoice.kr/images/web_v3/bg_trans.png
청주 타임-충북대점,https://www.goodchoice.kr/product/detail?ano=66601&adcno=1&sel_date=2023-08-24&sel_date2=2023-08-25,,,//image.goodchoice.kr/images/web_v3/bg_trans.png
충주 어반브라운 호텔,https://www.goodchoice.kr/product/detail?ano=69210&adcno=1&sel_date=2023-08-24&sel_date2=2023-08-25,,,//image.goodchoice.kr/images/web_v3/bg_trans.png
청주 프리미엄 무인텔 고야 드라이브인,https://www.goodchoice.kr/product/detail?ano=70217&adcno=1&sel_date=2023-08-24&sel_date2=2023-08-25,,,//image.goodchoice.kr/images/web_v3/bg_trans.png
동학사 호텔 디셈버,https://www.goodchoice.kr/product/detail?ano=72805&adcno=1&sel_date=2023-08-24&sel_date2=2023-08-25,,,//image.goodchoice.kr/images/web_v3/bg_trans.png
태안 린더버그풀빌라,https://www.goodchoice.kr/product/detail?ano=67615&adcno=3&sel_date=2023-08-24&sel_date2=2023-08-25,,,//image.goodchoice.kr/images/web_v3/bg_trans.png
태안 오후의바다펜션,https://www.goodchoice.kr/product/detail?ano=68653&adcno=3&sel_date=2023-08-24&sel_date2=2023-08-25,,,//image.goodchoice.kr/images/web_v3/bg_trans.png
안면도 몰디브펜션,https://www.goodchoice.kr/product/detail?ano=75021&adcno=3&sel_date=2023-08-24&sel_date2=2023-08-25,,,//image.goodchoice.kr/images/web_v3/bg_trans.png
라온풀빌라,https://www.goodchoice.kr/product/detail?ano=75511&adcno=3&sel_date=2023-08-24&sel_date2=2023-08-25,,,//image.goodchoice.kr/images/web_v3/bg_trans.png
청주 루비노,https://www.goodchoice.kr/product/detail?ano=54747&adcno=1&sel_date=2023-08-24&sel_date2=2023-08-25,,,//image.goodchoice.kr/images/web_v3/bg_trans.png
천안 더휴식 소륜호텔,https://www.goodchoice.kr/product/detail?ano=64330&adcno=1&sel_date=2023-08-24&sel_date2=2023-08-25,,,//image.goodchoice.kr/images/web_v3/bg_trans.png
충주 호텔 쁠랑-충주시청점,https://www.goodchoice.kr/product/detail?ano=73141&adcno=1&sel_date=2023-08-24&sel_date2=2023-08-25,,,//image.goodchoice.kr/images/web_v3/bg_trans.png
청주 호텔 딕셔너리,https://www.goodchoice.kr/product/detail?ano=68803&adcno=1&sel_date=2023-08-24&sel_date2=2023-08-25,,,//image.goodchoice.kr/images/web_v3/bg_trans.png
예산 호텔굿즈무인텔,https://www.goodchoice.kr/product/detail?ano=73749&adcno=1&sel_date=2023-08-24&sel_date2=2023-08-25,,,//image.goodchoice.kr/images/web_v3/bg_trans.png
가로림 글램핑 & 풀빌라 펜션,https://www.goodchoice.kr/product/detail?ano=74040&adcno=5&sel_date=2023-08-24&sel_date2=2023-08-25,,,//image.goodchoice.kr/images/web_v3/bg_trans.png
더마레풀빌라,https://www.goodchoice.kr/product/detail?ano=56917&adcno=3&sel_date=2023-08-24&sel_date2=2023-08-25,,,//image.goodchoice.kr/images/web_v3/bg_trans.png
천안 프라임,https://www.goodchoice.kr/product/detail?ano=3085&adcno=1&sel_date=2023-08-24&sel_date2=2023-08-25,,,//image.goodchoice.kr/images/web_v3/bg_trans.png
청주 es Hotel,https://www.goodchoice.kr/product/detail?ano=6103&adcno=1&sel_date=2023-08-24&sel_date2=2023-08-25,,,//image.goodchoice.kr/images/web_v3/bg_trans.png
천안 St.179 Hotel,https://www.goodchoice.kr/product/detail?ano=49815&adcno=1&sel_date=2023-08-24&sel_date2=2023-08-25,,,//image.goodchoice.kr/images/web_v3/bg_trans.png
천안 브라운도트-불당점,https://www.goodchoice.kr/product/detail?ano=1406&adcno=1&sel_date=2023-08-24&sel_date2=2023-08-25,,,//image.goodchoice.kr/images/web_v3/bg_trans.png
천안 감성무인호텔 온화 어반트디자인,https://www.goodchoice.kr/product/detail?ano=3234&adcno=1&sel_date=2023-08-24&sel_date2=2023-08-25,,,//image.goodchoice.kr/images/web_v3/bg_trans.png
