엘모멘토 광안,https://www.goodchoice.kr/product/detail?ano=68536&adcno=2&sel_date=2023-08-24&sel_date2=2023-08-25,부산 해운대구 우동,"
145,200원 ",//image.goodchoice.kr/images/web_v3/bg_trans.png
해운대 동백호텔,https://www.goodchoice.kr/product/detail?ano=74709&adcno=1&sel_date=2023-08-24&sel_date2=2023-08-25,하단역 차량 16분,"
495,000원 ",//image.goodchoice.kr/images/web_v3/bg_trans.png
신라스테이 해운대,https://www.goodchoice.kr/product/detail?ano=45597&adcno=2&sel_date=2023-08-24&sel_date2=2023-08-25,부산 해운대구 중동,"
139,000원 ",//image.goodchoice.kr/images/web_v3/bg_trans.png
광안리 호텔1(호텔원),https://www.goodchoice.kr/product/detail?ano=66722&adcno=2&sel_date=2023-08-24&sel_date2=2023-08-25,차이나타운 차량 5분,"
220,000원 ",//image.goodchoice.kr/images/web_v3/bg_trans.png
르컬렉티브 오시리아,https://www.goodchoice.kr/product/detail?ano=71073&adcno=2&sel_date=2023-08-24&sel_date2=2023-08-25,서면역 12번 출구 도보 3분,"
100,000원 ",//image.goodchoice.kr/images/web_v3/bg_trans.png
신라스테이 서부산,https://www.goodchoice.kr/product/detail?ano=67686&adcno=2&sel_date=2023-08-24&sel_date2=2023-08-25,해운대역 도보 5분,"
220,000원 ",//image.goodchoice.kr/images/web_v3/bg_trans.png
해운대 코티스 앰배서더 호텔,https://www.goodchoice.kr/product/detail?ano=74094&adcno=2&sel_date=2023-08-24&sel_date2=2023-08-25,부산 해운대구 우동,"
154,000원 ",//image.goodchoice.kr/images/web_v3/bg_trans.png
서면 비즈니스 호텔 J7,https://www.goodchoice.kr/product/detail?ano=67430&adcno=1&sel_date=2023-08-24&sel_date2=2023-08-25,부산 해운대구 중동,"
180,000원 ",//image.goodchoice.kr/images/web_v3/bg_trans.png
그랜드 조선 부산,https://www.goodchoice.kr/product/detail?ano=66692&adcno=2&sel_date=2023-08-24&sel_date2=2023-08-25,광안리해변 앞,"
154,000원 ",//image.goodchoice.kr/images/web_v3/bg_trans.png
호텔 아쿠아펠리스,https://www.goodchoice.kr/product/detail?ano=6326&adcno=2&sel_date=2023-08-24&sel_date2=2023-08-25,해운대역 도보 5분,"
114,000원 ",//image.goodchoice.kr/images/web_v3/bg_trans.png
수영 메종드센텀,https://www.goodchoice.kr/product/detail?ano=74000&adcno=1&sel_date=2023-08-24&sel_date2=2023-08-25,"부산 사하구 하단동                    
예약취소가능","
115,000원 ",//image.goodchoice.kr/images/web_v3/bg_trans.png
해운대 센트럴 호텔,https://www.goodchoice.kr/product/detail?ano=67762&adcno=2&sel_date=2023-08-24&sel_date2=2023-08-25,"부산 중구 남포동6가                    
예약취소가능","
65,000원 ",//image.goodchoice.kr/images/web_v3/bg_trans.png
송정 심플앤와이드 호텔,https://www.goodchoice.kr/product/detail?ano=74440&adcno=1&sel_date=2023-08-24&sel_date2=2023-08-25,"부산 서구 암남동                    
혜택존","
110,000원 ",//image.goodchoice.kr/images/web_v3/bg_trans.png
호텔 소사이어티,https://www.goodchoice.kr/product/detail?ano=56880&adcno=2&sel_date=2023-08-24&sel_date2=2023-08-25,"부산 서구 암남동                    
예약취소가능, 혜택존","
114,000원 ",//image.goodchoice.kr/images/web_v3/bg_trans.png
라마다 앙코르 바이 윈덤 부산 해운대,https://www.goodchoice.kr/product/detail?ano=46410&adcno=2&sel_date=2023-08-24&sel_date2=2023-08-25,"부산 해운대구 우동                    
예약취소가능, 혜택존","
149,000원 ",//image.goodchoice.kr/images/web_v3/bg_trans.png
해운대 썬클라우드 호텔,https://www.goodchoice.kr/product/detail?ano=57942&adcno=2&sel_date=2023-08-24&sel_date2=2023-08-25,"부산 남구 대연동                    
예약취소가능","
159,000원 ",//image.goodchoice.kr/images/web_v3/bg_trans.png
만덕 덴바스타 포레스트,https://www.goodchoice.kr/product/detail?ano=69395&adcno=1&sel_date=2023-08-24&sel_date2=2023-08-25,,"
75,300원 ",//image.goodchoice.kr/images/web_v3/bg_trans.png
서면 HOTEL 치즈,https://www.goodchoice.kr/product/detail?ano=57137&adcno=1&sel_date=2023-08-24&sel_date2=2023-08-25,,"
89,000원 ",//image.goodchoice.kr/images/web_v3/bg_trans.png
서면 City Hotel G&G,https://www.goodchoice.kr/product/detail?ano=51759&adcno=1&sel_date=2023-08-24&sel_date2=2023-08-25,,"
198,000원 ",//image.goodchoice.kr/images/web_v3/bg_trans.png
해운대 블루스토리,https://www.goodchoice.kr/product/detail?ano=72907&adcno=2&sel_date=2023-08-24&sel_date2=2023-08-25,,"
119,000원 ",//image.goodchoice.kr/images/web_v3/bg_trans.png
라마다 앙코르 바이 윈덤 부산역,https://www.goodchoice.kr/product/detail?ano=61754&adcno=2&sel_date=2023-08-24&sel_date2=2023-08-25,,"
253,000원 ",//image.goodchoice.kr/images/web_v3/bg_trans.png
르컬렉티브 부산역,https://www.goodchoice.kr/product/detail?ano=68941&adcno=2&sel_date=2023-08-24&sel_date2=2023-08-25,,"
160,000원 ",//image.goodchoice.kr/images/web_v3/bg_trans.png
사상 호텔앤레스트,https://www.goodchoice.kr/product/detail?ano=74505&adcno=1&sel_date=2023-08-24&sel_date2=2023-08-25,,"
451,000원 ",//image.goodchoice.kr/images/web_v3/bg_trans.png
마리안느 호텔,https://www.goodchoice.kr/product/detail?ano=6325&adcno=2&sel_date=2023-08-24&sel_date2=2023-08-25,,"
159,000원 ",//image.goodchoice.kr/images/web_v3/bg_trans.png
광안리 Hy리얼티 호텔,https://www.goodchoice.kr/product/detail?ano=64251&adcno=1&sel_date=2023-08-24&sel_date2=2023-08-25,,"
71,900원 ",//image.goodchoice.kr/images/web_v3/bg_trans.png
부산역 부킹더베이,https://www.goodchoice.kr/product/detail?ano=74975&adcno=2&sel_date=2023-08-24&sel_date2=2023-08-25,,"
70,000원 ",//image.goodchoice.kr/images/web_v3/bg_trans.png
광안리 씨유,https://www.goodchoice.kr/product/detail?ano=5444&adcno=1&sel_date=2023-08-24&sel_date2=2023-08-25,,"
60,000원 ",//image.goodchoice.kr/images/web_v3/bg_trans.png
어반스테이 서면,https://www.goodchoice.kr/product/detail?ano=66991&adcno=2&sel_date=2023-08-24&sel_date2=2023-08-25,,,//image.goodchoice.kr/images/web_v3/bg_trans.png
영도 브라운도트-영도대교점,https://www.goodchoice.kr/product/detail?ano=74708&adcno=1&sel_date=2023-08-24&sel_date2=2023-08-25,,,//image.goodchoice.kr/images/web_v3/bg_trans.png
기장 오실라,https://www.goodchoice.kr/product/detail?ano=74744&adcno=3&sel_date=2023-08-24&sel_date2=2023-08-25,,,//image.goodchoice.kr/images/web_v3/bg_trans.png
펠릭스 by STX 호텔앤스위트,https://www.goodchoice.kr/product/detail?ano=65560&adcno=2&sel_date=2023-08-24&sel_date2=2023-08-25,,,//image.goodchoice.kr/images/web_v3/bg_trans.png
송정호텔블루캐슬,https://www.goodchoice.kr/product/detail?ano=68889&adcno=2&sel_date=2023-08-24&sel_date2=2023-08-25,,,//image.goodchoice.kr/images/web_v3/bg_trans.png
하운드 가든&테라스 호텔,https://www.goodchoice.kr/product/detail?ano=67442&adcno=2&sel_date=2023-08-24&sel_date2=2023-08-25,,,//image.goodchoice.kr/images/web_v3/bg_trans.png
사직 덴바스타 시그니처호텔,https://www.goodchoice.kr/product/detail?ano=67584&adcno=1&sel_date=2023-08-24&sel_date2=2023-08-25,,,//image.goodchoice.kr/images/web_v3/bg_trans.png
이비스 앰배서더 부산 해운대,https://www.goodchoice.kr/product/detail?ano=7445&adcno=2&sel_date=2023-08-24&sel_date2=2023-08-25,,,//image.goodchoice.kr/images/web_v3/bg_trans.png
서면 호텔 브로아,https://www.goodchoice.kr/product/detail?ano=1691&adcno=1&sel_date=2023-08-24&sel_date2=2023-08-25,,,//image.goodchoice.kr/images/web_v3/bg_trans.png
사상 미스터브릭 호텔,https://www.goodchoice.kr/product/detail?ano=4370&adcno=1&sel_date=2023-08-24&sel_date2=2023-08-25,,,//image.goodchoice.kr/images/web_v3/bg_trans.png
해운대 브라운도트,https://www.goodchoice.kr/product/detail?ano=74568&adcno=1&sel_date=2023-08-24&sel_date2=2023-08-25,,,//image.goodchoice.kr/images/web_v3/bg_trans.png
베이몬드 호텔,https://www.goodchoice.kr/product/detail?ano=57171&adcno=2&sel_date=2023-08-24&sel_date2=2023-08-25,,,//image.goodchoice.kr/images/web_v3/bg_trans.png
해운대 호텔 폭시,https://www.goodchoice.kr/product/detail?ano=665&adcno=1&sel_date=2023-08-24&sel_date2=2023-08-25,,,//image.goodchoice.kr/images/web_v3/bg_trans.png
베니키아 프리미어 호텔 해운대,https://www.goodchoice.kr/product/detail?ano=6993&adcno=2&sel_date=2023-08-24&sel_date2=2023-08-25,,,//image.goodchoice.kr/images/web_v3/bg_trans.png
페어필드 바이 메리어트 부산 해운대,https://www.goodchoice.kr/product/detail?ano=56083&adcno=2&sel_date=2023-08-24&sel_date2=2023-08-25,,,//image.goodchoice.kr/images/web_v3/bg_trans.png
그랜드 모먼트,https://www.goodchoice.kr/product/detail?ano=72862&adcno=2&sel_date=2023-08-24&sel_date2=2023-08-25,,,//image.goodchoice.kr/images/web_v3/bg_trans.png
광안리 호텔 프리마베라 InBUSAN,https://www.goodchoice.kr/product/detail?ano=70119&adcno=1&sel_date=2023-08-24&sel_date2=2023-08-25,,,//image.goodchoice.kr/images/web_v3/bg_trans.png
남포 더휴식 아늑,https://www.goodchoice.kr/product/detail?ano=72947&adcno=1&sel_date=2023-08-24&sel_date2=2023-08-25,,,//image.goodchoice.kr/images/web_v3/bg_trans.png
동래 에이치에비뉴 사직 미남점,https://www.goodchoice.kr/product/detail?ano=69005&adcno=1&sel_date=2023-08-24&sel_date2=2023-08-25,,,//image.goodchoice.kr/images/web_v3/bg_trans.png
광수호텔,https://www.goodchoice.kr/product/detail?ano=72337&adcno=2&sel_date=2023-08-24&sel_date2=2023-08-25,,,//image.goodchoice.kr/images/web_v3/bg_trans.png
해운대 송정 오셔너스,https://www.goodchoice.kr/product/detail?ano=67875&adcno=3&sel_date=2023-08-24&sel_date2=2023-08-25,,,//image.goodchoice.kr/images/web_v3/bg_trans.png
동래 덴바스타,https://www.goodchoice.kr/product/detail?ano=71361&adcno=1&sel_date=2023-08-24&sel_date2=2023-08-25,,,//image.goodchoice.kr/images/web_v3/bg_trans.png
수영 호텔리버,https://www.goodchoice.kr/product/detail?ano=68498&adcno=1&sel_date=2023-08-24&sel_date2=2023-08-25,,,//image.goodchoice.kr/images/web_v3/bg_trans.png
광안리 마린뷰 호텔,https://www.goodchoice.kr/product/detail?ano=10775&adcno=2&sel_date=2023-08-24&sel_date2=2023-08-25,,,//image.goodchoice.kr/images/web_v3/bg_trans.png
범일 덴바스타 프리미엄,https://www.goodchoice.kr/product/detail?ano=577&adcno=1&sel_date=2023-08-24&sel_date2=2023-08-25,,,//image.goodchoice.kr/images/web_v3/bg_trans.png
수영 웁스,https://www.goodchoice.kr/product/detail?ano=5802&adcno=1&sel_date=2023-08-24&sel_date2=2023-08-25,,,//image.goodchoice.kr/images/web_v3/bg_trans.png
엘모멘토 오시리아,https://www.goodchoice.kr/product/detail?ano=70874&adcno=2&sel_date=2023-08-24&sel_date2=2023-08-25,,,//image.goodchoice.kr/images/web_v3/bg_trans.png
효이스테이 센텀호텔,https://www.goodchoice.kr/product/detail?ano=73952&adcno=2&sel_date=2023-08-24&sel_date2=2023-08-25,,,//image.goodchoice.kr/images/web_v3/bg_trans.png
서면 레니스 호텔,https://www.goodchoice.kr/product/detail?ano=75156&adcno=1&sel_date=2023-08-24&sel_date2=2023-08-25,,,//image.goodchoice.kr/images/web_v3/bg_trans.png
코오롱 씨클라우드 호텔,https://www.goodchoice.kr/product/detail?ano=6468&adcno=2&sel_date=2023-08-24&sel_date2=2023-08-25,,,//image.goodchoice.kr/images/web_v3/bg_trans.png
하운드호텔 해운대 시그니처,https://www.goodchoice.kr/product/detail?ano=67415&adcno=2&sel_date=2023-08-24&sel_date2=2023-08-25,,,//image.goodchoice.kr/images/web_v3/bg_trans.png
광안리 고유호텔-구.광안리W,https://www.goodchoice.kr/product/detail?ano=70794&adcno=1&sel_date=2023-08-24&sel_date2=2023-08-25,,,//image.goodchoice.kr/images/web_v3/bg_trans.png
사상 zam 101호텔,https://www.goodchoice.kr/product/detail?ano=62893&adcno=1&sel_date=2023-08-24&sel_date2=2023-08-25,,,//image.goodchoice.kr/images/web_v3/bg_trans.png
범일 브라운도트,https://www.goodchoice.kr/product/detail?ano=61348&adcno=1&sel_date=2023-08-24&sel_date2=2023-08-25,,,//image.goodchoice.kr/images/web_v3/bg_trans.png
호메르스 호텔,https://www.goodchoice.kr/product/detail?ano=6307&adcno=2&sel_date=2023-08-24&sel_date2=2023-08-25,,,//image.goodchoice.kr/images/web_v3/bg_trans.png
아난티 힐튼 부산,https://www.goodchoice.kr/product/detail?ano=46240&adcno=2&sel_date=2023-08-24&sel_date2=2023-08-25,,,//image.goodchoice.kr/images/web_v3/bg_trans.png
라발스 호텔,https://www.goodchoice.kr/product/detail?ano=58546&adcno=2&sel_date=2023-08-24&sel_date2=2023-08-25,,,//image.goodchoice.kr/images/web_v3/bg_trans.png
광안리 호텔 NO.25,https://www.goodchoice.kr/product/detail?ano=5177&adcno=1&sel_date=2023-08-24&sel_date2=2023-08-25,,,//image.goodchoice.kr/images/web_v3/bg_trans.png
해운대 호텔 아크블루,https://www.goodchoice.kr/product/detail?ano=56743&adcno=1&sel_date=2023-08-24&sel_date2=2023-08-25,,,//image.goodchoice.kr/images/web_v3/bg_trans.png
하단 브라운도트,https://www.goodchoice.kr/product/detail?ano=57109&adcno=1&sel_date=2023-08-24&sel_date2=2023-08-25,,,//image.goodchoice.kr/images/web_v3/bg_trans.png
해운대 게리쿠퍼,https://www.goodchoice.kr/product/detail?ano=1635&adcno=1&sel_date=2023-08-24&sel_date2=2023-08-25,,,//image.goodchoice.kr/images/web_v3/bg_trans.png
이비스 버젯 앰배서더 해운대,https://www.goodchoice.kr/product/detail?ano=6329&adcno=2&sel_date=2023-08-24&sel_date2=2023-08-25,,,//image.goodchoice.kr/images/web_v3/bg_trans.png
기장 케니 호텔,https://www.goodchoice.kr/product/detail?ano=74247&adcno=1&sel_date=2023-08-24&sel_date2=2023-08-25,,,//image.goodchoice.kr/images/web_v3/bg_trans.png
H-에비뉴 광안리해변점,https://www.goodchoice.kr/product/detail?ano=58837&adcno=2&sel_date=2023-08-24&sel_date2=2023-08-25,,,//image.goodchoice.kr/images/web_v3/bg_trans.png
광안리 브릿지 호텔,https://www.goodchoice.kr/product/detail?ano=3755&adcno=1&sel_date=2023-08-24&sel_date2=2023-08-25,,,//image.goodchoice.kr/images/web_v3/bg_trans.png
어반스테이 부티크 남포,https://www.goodchoice.kr/product/detail?ano=73883&adcno=2&sel_date=2023-08-24&sel_date2=2023-08-25,,,//image.goodchoice.kr/images/web_v3/bg_trans.png
범천 이그니스,https://www.goodchoice.kr/product/detail?ano=592&adcno=1&sel_date=2023-08-24&sel_date2=2023-08-25,,,//image.goodchoice.kr/images/web_v3/bg_trans.png
남포 호텔  MGM -자갈치역점,https://www.goodchoice.kr/product/detail?ano=5952&adcno=1&sel_date=2023-08-24&sel_date2=2023-08-25,,,//image.goodchoice.kr/images/web_v3/bg_trans.png
서면 OZ,https://www.goodchoice.kr/product/detail?ano=1622&adcno=1&sel_date=2023-08-24&sel_date2=2023-08-25,,,//image.goodchoice.kr/images/web_v3/bg_trans.png
수영 브라운도트,https://www.goodchoice.kr/product/detail?ano=58736&adcno=1&sel_date=2023-08-24&sel_date2=2023-08-25,,,//image.goodchoice.kr/images/web_v3/bg_trans.png
서면 하루호텔-서면2번가,https://www.goodchoice.kr/product/detail?ano=1565&adcno=1&sel_date=2023-08-24&sel_date2=2023-08-25,,,//image.goodchoice.kr/images/web_v3/bg_trans.png
서면 NO.25-서면역점,https://www.goodchoice.kr/product/detail?ano=5471&adcno=1&sel_date=2023-08-24&sel_date2=2023-08-25,,,//image.goodchoice.kr/images/web_v3/bg_trans.png
송도 파인힐호텔,https://www.goodchoice.kr/product/detail?ano=2219&adcno=1&sel_date=2023-08-24&sel_date2=2023-08-25,,,//image.goodchoice.kr/images/web_v3/bg_trans.png
서면 HOTEL BAND,https://www.goodchoice.kr/product/detail?ano=67551&adcno=1&sel_date=2023-08-24&sel_date2=2023-08-25,,,//image.goodchoice.kr/images/web_v3/bg_trans.png
부산역 브라운도트 호텔,https://www.goodchoice.kr/product/detail?ano=67032&adcno=1&sel_date=2023-08-24&sel_date2=2023-08-25,,,//image.goodchoice.kr/images/web_v3/bg_trans.png
기장 H Avenue-일광점,https://www.goodchoice.kr/product/detail?ano=74049&adcno=1&sel_date=2023-08-24&sel_date2=2023-08-25,,,//image.goodchoice.kr/images/web_v3/bg_trans.png
송도 아바,https://www.goodchoice.kr/product/detail?ano=4359&adcno=1&sel_date=2023-08-24&sel_date2=2023-08-25,,,//image.goodchoice.kr/images/web_v3/bg_trans.png
화명 비앤비,https://www.goodchoice.kr/product/detail?ano=4689&adcno=1&sel_date=2023-08-24&sel_date2=2023-08-25,,,//image.goodchoice.kr/images/web_v3/bg_trans.png
광안리 Q,https://www.goodchoice.kr/product/detail?ano=5615&adcno=1&sel_date=2023-08-24&sel_date2=2023-08-25,,,//image.goodchoice.kr/images/web_v3/bg_trans.png
기장 베스트루이스해밀턴호텔-기장점,https://www.goodchoice.kr/product/detail?ano=68275&adcno=1&sel_date=2023-08-24&sel_date2=2023-08-25,,,//image.goodchoice.kr/images/web_v3/bg_trans.png
해운대 호텔 모모쥬스,https://www.goodchoice.kr/product/detail?ano=1272&adcno=1&sel_date=2023-08-24&sel_date2=2023-08-25,,,//image.goodchoice.kr/images/web_v3/bg_trans.png
부산역 호텔 아몬드,https://www.goodchoice.kr/product/detail?ano=6684&adcno=2&sel_date=2023-08-24&sel_date2=2023-08-25,,,//image.goodchoice.kr/images/web_v3/bg_trans.png
더무빙카라반,https://www.goodchoice.kr/product/detail?ano=47972&adcno=5&sel_date=2023-08-24&sel_date2=2023-08-25,,,//image.goodchoice.kr/images/web_v3/bg_trans.png
오션 더포인트 호텔,https://www.goodchoice.kr/product/detail?ano=67663&adcno=2&sel_date=2023-08-24&sel_date2=2023-08-25,,,//image.goodchoice.kr/images/web_v3/bg_trans.png
서면 다뉴브,https://www.goodchoice.kr/product/detail?ano=56772&adcno=1&sel_date=2023-08-24&sel_date2=2023-08-25,,,//image.goodchoice.kr/images/web_v3/bg_trans.png
서면 호텔25H더파크,https://www.goodchoice.kr/product/detail?ano=4581&adcno=1&sel_date=2023-08-24&sel_date2=2023-08-25,,,//image.goodchoice.kr/images/web_v3/bg_trans.png
정관 에이치에비뉴-H-AVENUE,https://www.goodchoice.kr/product/detail?ano=2289&adcno=1&sel_date=2023-08-24&sel_date2=2023-08-25,,,//image.goodchoice.kr/images/web_v3/bg_trans.png
동래 하운드 호텔 사직미남역점,https://www.goodchoice.kr/product/detail?ano=68018&adcno=1&sel_date=2023-08-24&sel_date2=2023-08-25,,,//image.goodchoice.kr/images/web_v3/bg_trans.png
광안리 부띠크 호텔 휴,https://www.goodchoice.kr/product/detail?ano=4227&adcno=1&sel_date=2023-08-24&sel_date2=2023-08-25,,,//image.goodchoice.kr/images/web_v3/bg_trans.png
그랩디 오션 송도,https://www.goodchoice.kr/product/detail?ano=62876&adcno=2&sel_date=2023-08-24&sel_date2=2023-08-25,,,//image.goodchoice.kr/images/web_v3/bg_trans.png
광안리 호텔 야자,https://www.goodchoice.kr/product/detail?ano=68193&adcno=1&sel_date=2023-08-24&sel_date2=2023-08-25,,,//image.goodchoice.kr/images/web_v3/bg_trans.png
광안리 오션스테이 호텔,https://www.goodchoice.kr/product/detail?ano=61565&adcno=2&sel_date=2023-08-24&sel_date2=2023-08-25,,,//image.goodchoice.kr/images/web_v3/bg_trans.png
대연 르 이데아,https://www.goodchoice.kr/product/detail?ano=5545&adcno=1&sel_date=2023-08-24&sel_date2=2023-08-25,,,//image.goodchoice.kr/images/web_v3/bg_trans.png
